Entry,Run ,Rate1,Rate2,Rate3,IllevoInjury
1,2,7,7,8,
2,2,7,7,7,
3,2,7,7,8,
4,2,8,8,8,
5,2,8,8,,
6,2,8,8,,
7,2,9,8,8,
8,2,9,9,9,
9,2,10,10,7,
10,2,10,10,8,
11,2,10,10,10,
12,2,8,9,10,
13,2,10,10,,
14,2,10,10,,
15,2,10,10,8,
16,2,8,9,10,
17,2,10,9,9,
18,2,9,9,9,
19,2,9,9,9,
20,2,10,10,10,
21,2,8,9,10,
22,2,10,10,,
23,2,10,10,10,
24,2,9,9,9,
25,2,8,8,9,
26,2,9,9,9,
27,2,9,8,8,
28,2,8,8,9,
29,2,9,9,9,
30,2,9,10,10,
31,2,10,10,10,
32,2,10,10,10,
33,2,9,9,9,
34,2,9,9,9,
35,2,9,9,,
36,2,10,10,,
37,2,9,9,9,
38,2,,,,
39,2,10,10,,
40,2,10,10,,
41,2,9,9,,
42,2,10,9,9,
43,2,10,10,,
44,2,9,10,10,
45,2,9,9,,
46,2,9,9,9,
47,2,9,10,5,
48,2,9,9,10,
49,2,9,9,9,
50,2,9,10,10,
51,2,8,9,9,
52,2,9,8,8,
53,2,10,9,,
54,2,8,9,,
55,2,9,9,10,
56,2,9,9,10,
57,2,9,9,10,
58,2,9,9,,
59,2,,,,
60,2,7,6,8,
61,2,8,,,
62,2,9,9,9,
63,2,8,9,9,
64,2,9,9,,
65,2,10,10,10,
66,2,9,9,9,
67,2,9,7,8,
68,2,8,,,
69,2,9,10,,
70,2,9,10,10,
71,2,9,9,,
72,2,9,9,,
73,2,9,8,,
74,2,8,9,,
75,2,,,,
76,2,8,8,9,
77,2,9,9,9,
78,2,9,9,,
79,2,9,9,9,
80,2,9,9,9,
81,2,7,9,9,
82,2,9,,,
83,2,9,9,9,
84,2,9,9,9,
85,2,8,8,8,
86,2,9,9,8,
87,2,9,9,9,
88,2,9,9,8,
89,2,8,8,8,
90,2,9,9,9,
91,2,1,9,9,
92,2,9,9,9,
93,2,9,9,,
94,2,9,9,9,
95,2,8,9,,
96,2,9,9,,
97,2,9,9,,
98,2,9,9,9,
99,2,9,9,1,
100,2,9,9,,
101,2,10,10,9,
102,2,10,10,9,
103,2,9,7,9,
104,2,5,7,9,
105,2,9,9,,
106,2,9,,,
107,2,8,8,9,
108,2,6,5,7,
109,2,9,,,
110,2,10,9,10,
111,2,9,10,9,
112,2,10,9,,
113,2,7,7,,
114,2,8,,,
115,2,9,9,,
116,2,9,9,,
117,2,9,9,9,
118,2,10,9,10,
119,2,10,10,10,
120,2,9,9,9,
121,2,8,8,5,
122,2,8,8,,
123,2,9,9,,
124,2,8,8,,
125,2,8,8,8,
126,2,8,8,,
127,2,8,,8,
128,2,8,8,,
129,2,7,7,8,
130,2,8,,,
131,2,8,8,,
132,2,8,8,,
133,2,9,9,,
134,2,8,8,9,
135,2,8,,,
136,2,9,9,,
137,2,8,,,
138,2,7,,,
139,2,8,6,,
140,2,9,9,,
141,2,9,9,10,
142,2,9,10,10,
143,2,9,9,,
144,2,7,8,8,
145,2,10,10,10,
146,2,7,7,7,
147,2,8,8,9,
148,2,9,9,,
149,2,9,9,9,
150,2,10,10,10,
151,2,10,10,10,
152,2,9,9,9,
153,2,10,10,9,
154,2,9,9,,
155,2,10,9,8,
156,2,9,8,9,
157,2,9,9,,
158,2,9,9,9,
159,2,9,9,8,
160,2,9,9,,
161,2,8,8,8,
162,2,7,8,8,
163,2,8,7,7,
164,2,8,8,7,
165,2,8,8,7,
166,2,7,7,7,
167,2,8,8,,
168,2,8,9,9,
169,2,8,8,,
170,2,8,8,8,
171,2,7,8,,
172,2,10,10,10,
173,2,9,9,9,
174,2,9,9,9,
175,2,10,10,10,
176,2,6,9,8,
177,2,9,9,9,
178,2,9,9,9,
179,2,10,9,10,
180,2,10,10,10,
181,2,10,10,10,
182,2,10,10,10,
183,2,10,10,10,
184,2,9,10,10,
185,2,10,10,10,
186,2,10,,,
187,2,10,,,
188,2,10,10,10,
189,2,10,10,10,
190,2,10,10,10,
191,2,9,9,10,
192,2,9,8,,
193,2,9,9,,
194,2,9,,,
195,2,6,9,,
196,2,9,9,9,
197,2,,,,
198,2,10,10,10,
199,2,10,10,10,
200,2,10,10,10,
201,2,10,10,10,
202,2,10,10,10,
203,2,10,10,10,
204,2,8,8,9,
205,2,8,8,,
206,2,10,10,10,
207,2,8,,,
208,2,10,10,10,
209,2,10,10,10,
210,2,10,10,10,
211,2,10,10,10,
212,2,8,8,7,
213,2,9,9,9,
214,2,10,10,10,
215,2,10,10,10,
216,2,10,10,10,
217,2,10,10,10,
218,2,10,10,10,
219,2,10,10,10,
220,2,10,10,10,
221,2,10,10,10,
222,2,7,7,8,
223,2,10,10,10,
224,2,9,9,9,
225,2,8,7,7,
226,2,7,8,8,
227,2,10,10,8,
228,2,10,10,10,
229,2,10,10,10,
230,2,10,10,9,
231,2,8,8,8,
232,2,8,8,9,
233,2,8,8,9,
234,2,7,8,8,
235,2,8,8,8,
236,2,8,8,9,
237,2,,8,,
238,2,10,,,
239,2,10,10,10,
240,2,9,10,10,
241,2,10,10,10,
242,2,10,10,,
243,2,10,10,,
244,2,10,9,,
245,2,8,9,9,
246,2,7,7,,
247,2,9,9,,
248,2,9,9,,
249,2,6,9,,
250,2,10,7,,
251,2,9,10,10,
252,2,10,10,10,
253,2,9,8,10,
254,2,9,10,,
255,2,10,10,,
256,2,10,10,10,
257,2,10,10,10,
258,2,10,10,10,
259,2,10,10,9,
260,2,10,10,9,
261,2,10,10,9,
262,2,10,9,9,
263,2,9,9,,
264,2,9,9,9,
265,2,8,9,,
266,2,9,8,8,
267,2,8,8,9,
268,2,8,8,9,
269,2,9,10,10,
270,2,9,9,,
271,2,9,9,9,
272,2,9,9,10,
273,2,9,9,8,
274,2,9,9,8,
275,2,8,8,9,
276,2,6,8,8,
277,2,9,9,9,
278,2,9,9,9,
279,2,9,8,,
280,2,7,9,,
281,2,7,8,,
282,2,6,7,8,
283,2,9,9,9,
284,2,9,9,9,
285,2,9,9,9,
286,2,9,9,8,
287,2,7,8,9,
288,2,8,,,
289,2,8,8,9,
290,2,8,9,9,
291,2,8,9,10,
292,2,10,10,10,
293,2,9,10,10,
294,2,8,,,
295,2,9,8,,
296,2,8,8,,
297,2,7,,,
298,2,8,8,7,
299,2,9,9,9,
300,2,9,9,9,
301,2,9,9,9,
302,2,9,9,9,
303,2,7,8,9,
304,2,9,9,9,
305,2,7,9,,
306,2,9,9,,
307,2,9,9,7,
308,2,9,9,9,
309,2,8,8,9,
310,2,8,8,8,
311,2,8,8,7,
312,2,9,9,9,
313,2,9,9,9,
314,2,9,9,1,
315,2,9,9,9,
316,2,9,9,10,
317,2,9,9,9,
318,2,9,9,7,
319,2,9,9,9,
320,2,9,9,9,
321,2,9,9,9,
322,2,9,9,9,
323,2,,,,
324,2,,,,
325,2,9,9,9,
326,2,9,9,9,
327,2,8,8,,
328,2,9,9,9,
329,2,9,9,9,
330,2,9,9,9,
331,2,9,9,9,
332,2,7,10,,
333,2,9,9,,
334,2,1,9,9,
335,2,9,9,9,
336,2,8,9,9,
337,2,10,10,9,
338,2,9,9,8,
339,2,9,9,9,
340,2,8,,,
341,2,9,9,9,
342,2,8,8,,
343,2,8,,,
344,2,8,8,,
345,2,9,8,8,
346,2,7,8,8,
347,2,8,8,,
348,2,8,8,,
349,2,,,,
350,2,8,,,
351,2,8,8,,
352,2,7,7,8,
353,2,7,8,7,
354,2,6,8,8,
355,2,8,,8,
356,2,8,8,,
357,2,9,,,
358,2,9,9,,
359,2,9,9,,
360,2,8,8,7,
361,2,9,9,8,
362,2,9,9,9,
363,2,8,9,9,
364,2,9,9,9,
365,2,8,8,,
366,2,9,9,9,
367,2,9,9,8,
368,2,7,8,8,
369,2,9,9,,
370,2,9,9,9,
371,2,9,9,,
372,2,9,9,,
373,2,9,9,9,
374,2,9,9,9,
375,2,9,9,9,
376,2,9,9,7,
377,2,9,9,9,
378,2,9,9,9,
379,2,9,9,,
380,2,9,8,9,
381,2,9,9,7,
382,2,8,8,7,
383,2,7,7,7,
384,2,6,7,7,
385,2,7,7,7,
386,2,7,8,7,
387,2,7,8,8,
388,2,9,9,9,
389,2,8,9,9,
390,2,,,,
391,2,8,8,8,
392,2,8,8,8,
393,2,10,10,10,
394,2,9,10,10,
395,2,9,9,1,
396,2,10,10,9,
397,2,7,8,9,
398,2,9,9,9,
399,2,9,9,9,
400,2,10,10,10,
401,2,10,10,5,
402,2,10,10,10,
403,2,10,10,10,
404,2,10,10,10,
405,2,10,10,,
406,2,9,,,
407,2,10,5,,
408,2,4,,,
409,2,10,10,10,
410,2,10,10,10,
411,2,10,10,10,
412,2,10,10,5,
413,2,9,9,9,
414,2,5,,,
415,2,7,7,7,
416,2,9,,,
417,2,10,10,10,
418,2,10,,,
419,2,10,10,10,
420,2,10,10,10,
421,2,10,10,10,
422,2,10,10,10,
423,2,10,10,10,
424,2,9,9,10,
425,2,9,9,10,
426,2,10,10,10,
427,2,10,10,10,
428,2,10,10,8,
429,2,10,10,8,
430,2,10,10,10,
431,2,10,10,10,
432,2,10,10,10,
433,2,,,,
434,2,,,,
435,2,,,,
436,2,,,,
437,2,,,,
438,2,,,,
439,2,,,,
440,2,,,,
441,2,,,,
442,2,,,,
443,2,6,8,8,
444,2,8,8,9,
445,2,8,8,9,
446,2,8,8,9,
447,2,8,8,9,
448,2,10,10,10,
449,2,8,9,9,
450,2,10,10,10,
451,2,10,10,10,
452,2,10,10,10,
453,2,8,8,,
454,2,8,7,7,
455,2,8,8,5,
456,2,5,8,7,
457,2,,,,
458,2,7,7,7,
459,2,8,8,,
460,2,8,7,7,
461,2,9,9,9,
462,2,8,8,9,
463,2,8,8,8,
464,2,6,8,8,
465,2,8,8,9,
466,2,9,9,9,
467,2,8,9,9,
468,2,8,8,9,
469,2,9,9,9,
470,2,8,9,8,
471,2,7,8,8,
472,2,8,8,8,
473,2,9,9,9,
474,2,8,8,8,
475,2,9,9,9,
476,2,9,9,9,
477,2,9,8,8,
478,2,9,9,8,
479,2,8,9,9,
480,2,9,6,8,
481,2,9,9,9,
482,2,8,9,9,
483,2,9,9,9,
484,2,8,9,9,
485,2,8,8,9,
486,2,8,8,8,
487,2,8,8,8,
488,2,8,8,8,
489,2,7,,,
490,2,8,,,
491,2,8,8,,
492,2,8,8,8,
493,2,8,8,8,
494,2,9,8,8,
495,2,9,9,9,
496,2,8,9,9,
497,2,9,10,10,
498,2,9,8,8,
499,2,8,8,8,
500,2,8,9,9,
501,2,9,9,9,
502,2,8,8,8,
503,2,9,9,,
504,2,8,8,8,
505,2,9,10,10,
506,2,10,9,7,
507,2,8,7,,
508,2,8,8,7,
509,2,5,,,
510,2,8,8,7,
511,2,8,8,8,
512,2,7,8,8,
513,2,8,9,9,
514,2,8,9,9,
515,2,9,9,9,
516,2,9,,,
517,2,8,,,
518,2,8,,,
519,2,8,7,7,
520,2,8,8,8,
521,2,9,9,9,
522,2,9,9,9,
523,2,8,8,8,
524,2,9,9,9,
525,2,9,8,8,
526,2,8,9,9,
527,2,8,8,,
528,2,8,8,8,
529,2,8,8,8,
530,2,8,8,8,
531,2,7,7,7,
532,2,7,7,7,
533,2,8,8,8,
534,2,9,9,9,
535,2,9,9,8,
536,2,9,8,8,
537,2,9,9,9,
538,2,9,9,8,
539,2,9,8,9,
540,2,10,9,9,
541,2,9,9,9,
542,2,8,8,8,
543,2,9,9,,
544,2,9,9,8,
545,2,6,10,9,
546,2,9,9,9,
547,2,9,8,8,
548,2,8,,,
549,2,9,9,8,
550,2,9,,,
551,2,9,8,8,
552,2,9,9,9,
553,2,8,9,9,
554,2,9,8,9,
555,2,9,9,,
556,2,9,9,9,
557,2,9,9,9,
558,2,9,8,9,
559,2,9,9,9,
560,2,9,9,9,
561,2,9,9,9,
562,2,8,8,8,
563,2,6,6,6,
564,2,8,8,8,
565,2,8,,,
566,2,10,10,10,
567,2,7,7,,
568,2,6,7,7,
569,2,6,6,,
570,2,7,6,,
571,2,8,8,,
572,2,1,3,,
573,2,7,7,,
574,2,7,7,8,
575,2,7,7,7,
576,2,8,8,7,
577,2,7,8,8,
578,2,9,9,9,
579,2,9,9,8,
580,2,8,8,,
581,2,8,8,8,
582,2,9,9,,
583,2,9,9,8,
584,2,9,9,9,
585,2,8,8,8,
586,2,8,8,8,
587,2,9,9,9,
588,2,8,8,8,
589,2,8,8,8,
590,2,7,7,,
591,2,8,8,7,
592,2,9,9,9,
593,2,9,9,9,
594,2,9,9,9,
595,2,9,9,8,
596,2,9,9,,
597,2,9,9,9,
598,2,9,9,9,
599,2,9,9,9,
600,2,8,8,8,
601,2,2,2,8,
602,2,8,8,8,
603,2,5,6,7,
604,2,4,,,
605,2,6,6,,
606,2,7,6,6,
607,2,6,7,8,
608,2,7,8,8,
609,2,7,10,10,
610,2,10,10,10,
611,2,9,9,9,
612,2,8,8,,
613,2,8,8,8,
614,2,6,10,10,
615,2,10,10,10,
616,2,10,10,10,
617,2,10,10,10,
618,2,9,9,10,
619,2,9,9,9,
620,2,9,7,7,
621,2,10,10,9,
622,2,10,10,9,
623,2,10,10,10,
624,2,10,10,9,
625,2,10,10,10,
626,2,6,9,10,
627,2,10,10,,
628,2,10,10,,
629,2,6,9,9,
630,2,6,10,10,
631,2,6,9,9,
632,2,6,9,8,
633,2,8,9,,
634,2,8,,,
635,2,8,9,,
636,2,9,9,8,
637,2,9,8,,
638,2,8,8,8,
639,2,8,8,,
640,2,10,10,10,
641,2,5,8,,
642,2,9,9,9,
643,2,9,9,9,
644,2,10,10,10,
645,2,10,10,10,
646,2,10,10,9,
647,2,10,10,10,
648,2,10,10,10,
649,2,10,10,8,
650,2,10,10,10,
651,2,10,10,10,
652,2,10,10,8,
653,2,9,9,9,
654,2,,,,
655,2,,,,
656,2,,,,
657,2,,,,
658,2,,,,
659,2,,,,
660,2,,,,
661,2,,,,
662,2,,,,
663,2,10,10,10,
664,2,7,7,7,
665,2,6,6,7,
666,2,2,7,7,
667,2,8,8,,
668,2,6,6,7,
669,2,7,7,6,
670,2,9,8,8,
671,2,1,7,7,
672,2,6,6,7,
673,2,6,7,7,
674,2,6,6,7,
675,2,1,2,8,
676,2,6,6,6,
677,2,6,7,7,
678,2,6,7,,
679,2,9,9,,
680,2,5,6,7,
681,2,1,6,7,
682,2,3,5,6,
683,2,7,7,7,
684,2,6,6,,
685,2,8,7,,
686,2,,,,
687,2,8,8,,
688,2,7,7,,
689,2,5,7,7,
690,2,,,,
691,2,6,6,,
692,2,8,8,8,
693,2,8,8,,
694,2,7,7,8,
695,2,8,8,8,
696,2,,,,
697,2,6,7,,
698,2,6,7,8,
699,2,9,9,9,
700,2,6,8,8,
701,2,6,6,,
702,2,9,7,8,
703,2,7,7,,
704,2,1,7,,
705,2,7,,,
706,2,8,8,,
707,2,8,8,8,
708,2,6,7,7,
709,2,7,8,,
710,2,7,7,,
711,2,3,6,7,
712,2,9,8,8,
713,2,6,6,6,
714,2,6,7,,
715,2,5,,,
716,2,1,7,,
717,2,8,8,8,
718,2,5,6,,
719,2,,,,
720,2,8,8,8,
721,2,,,,
722,2,8,,,
723,2,5,5,,
724,2,7,,,
725,2,1,8,8,
726,2,7,7,,
727,2,2,,,
728,2,8,8,8,
729,2,8,,,
730,2,7,,,
731,2,8,8,,
732,2,6,7,7,
733,2,6,8,7,
734,2,7,8,8,
735,2,1,7,7,
736,2,8,,,
737,2,7,8,8,
738,2,5,6,,
739,2,6,7,,
740,2,1,8,8,
741,2,7,7,7,
742,2,8,7,8,
743,2,8,7,8,
744,2,8,8,,
745,2,7,,,
746,2,6,7,,
747,2,7,,,
748,2,7,,,
749,2,6,7,7,
750,2,1,7,8,
751,2,8,8,8,
752,2,7,8,,
753,2,7,7,6,
754,2,8,8,1,
755,2,9,9,,
756,2,7,7,7,
757,2,4,6,,
758,2,6,8,,
759,2,6,7,,
760,2,7,8,8,
761,2,8,8,8,
762,2,7,7,7,
763,2,8,8,8,
764,2,5,9,9,
765,2,8,8,7,
766,2,8,7,5,
767,2,2,8,8,
768,2,8,8,8,
769,2,6,,,
770,2,1,7,8,
771,2,6,,,
772,2,8,8,8,
773,2,1,4,5,
774,2,8,8,7,
775,2,8,8,8,
776,2,1,8,8,
777,2,,,,
778,2,8,8,,
779,2,7,8,,
780,2,8,9,9,
781,2,9,8,8,
782,2,7,7,7,
783,2,7,8,8,
784,2,7,8,8,
785,2,7,6,7,
786,2,7,8,8,
787,2,8,,,
788,2,4,5,6,
789,2,7,7,7,
790,2,6,8,,
791,2,6,7,,
792,2,5,6,7,
793,2,6,,,
794,2,2,,,
795,2,5,6,6,
796,2,7,7,,
797,2,7,7,6,
798,2,7,8,8,
799,2,8,7,,
800,2,7,,,
801,2,,7,,
802,2,6,7,7,
803,2,6,6,,
804,2,7,,,
805,2,6,8,8,
806,2,5,6,,
807,2,,8,,
808,2,9,8,8,
809,2,8,8,,
810,2,7,7,8,
811,2,7,4,8,
812,2,5,8,8,
813,2,8,,6,
814,2,1,,8,
815,2,9,9,8,
816,2,8,8,,
817,2,9,6,8,
818,2,7,8,9,
819,2,7,6,8,
820,2,8,8,7,
821,2,1,6,7,
822,2,9,8,,
823,2,7,9,,
824,2,6,7,7,
825,2,7,7,8,
826,2,8,8,8,
827,2,7,7,7,
828,2,8,8,7,
829,2,6,7,8,
830,2,7,8,8,
831,2,7,,,
832,2,5,,,
833,2,5,7,,
834,2,2,8,,
835,2,6,6,5,
836,2,9,9,,
837,2,9,8,8,
838,2,7,7,8,
839,2,7,7,7,
840,2,1,6,6,
841,2,7,7,7,
842,2,9,,,
843,2,10,10,10,
844,2,7,9,_,
845,2,8,8,8,
846,2,9,8,8,
847,2,8,8,8,
848,2,8,8,,
849,2,9,8,8,
850,2,1,9,9,
851,2,9,9,8,
852,2,9,9,,
853,2,8,9,9,
854,2,9,9,,
855,2,7,8,,
856,2,8,8,8,
857,2,8,,,
858,2,7,8,8,
859,2,6,8,5,
860,2,5,9,9,
861,2,9,9,9,
862,2,1,8,8,
863,2,9,9,,
864,2,8,8,8,
865,2,9,9,,
866,2,10,10,10,
867,2,9,9,9,
868,2,6,6,8,
869,2,7,8,8,
870,2,7,7,8,
871,2,6,7,,
872,2,9,9,9,
873,2,8,8,,
874,2,9,10,10,
875,2,8,8,8,
876,2,8,9,9,
877,2,7,8,,
878,2,9,9,9,
879,2,6,8,,
880,2,9,9,9,
881,2,9,9,,
882,2,1,8,8,
883,2,10,10,10,
884,2,9,9,9,
885,2,8,8,8,
886,2,7,7,7,
887,2,8,8,8,
888,2,8,7,7,
889,2,6,8,8,
890,2,6,6,7,
891,2,8,8,,
892,2,8,8,8,
893,2,6,6,6,
894,2,7,7,7,
895,2,7,7,8,
896,2,9,8,8,
897,2,5,6,7,
898,2,8,8,,
899,2,7,7,7,
900,2,7,8,8,
901,2,5,6,7,
902,2,6,7,8,
903,2,7,7,,
904,2,1,3,6,
905,2,7,7,,
906,2,4,6,6,
907,2,6,5,,
908,2,,8,8,
909,2,6,,,
910,2,,,,
911,2,6,6,5,
912,2,7,7,7,
913,2,6,7,7,
914,2,7,8,8,
915,2,7,8,8,
916,2,8,8,7,
917,2,8,8,7,
918,2,9,8,6,
919,2,9,9,9,
920,2,9,9,7,
921,2,7,8,8,
922,2,1,4,4,
923,2,8,8,9,
924,2,6,6,,
925,2,6,7,,
926,2,6,7,,
927,2,6,7,,
928,2,7,,,
929,2,7,7,7,
930,2,7,8,,
931,2,5,6,,
932,2,5,5,,
933,2,7,7,,
934,2,6,6,6,
935,2,6,7,7,
936,2,,,,
937,2,9,8,,
938,2,4,8,,
939,2,6,6,,
940,2,1,,,
941,2,7,,,
942,2,,,,
943,2,6,,,
944,2,5,6,,
945,2,,,,
946,2,6,6,8,
947,2,1,7,,
948,2,7,8,,
949,2,9,7,8,
950,2,7,7,,
951,2,6,7,,
952,2,5,6,,
953,2,6,7,,
954,2,7,8,,
955,2,6,7,7,
956,2,8,8,8,
957,2,,,,
958,2,8,,,
959,2,,,,
960,2,7,,,
961,2,8,7,7,
962,2,5,5,5,
963,2,9,9,8,
964,2,7,8,7,
965,2,1,6,6,
966,2,1,6,7,
967,2,6,8,6,
968,2,4,6,5,
969,2,4,7,4,
970,2,2,3,8,
971,2,7,7,8,
972,2,6,7,,
973,2,6,7,,
974,2,6,7,7,
975,2,6,8,9,
976,2,9,8,9,
977,2,1,6,,
978,2,8,8,,
979,2,7,8,8,
980,2,9,8,7,
981,2,9,9,9,
982,2,8,8,8,
983,2,7,8,8,
984,2,9,9,8,
985,2,8,8,8,
986,2,6,6,5,
987,2,8,,,
988,2,7,9,8,
989,2,7,8,7,
990,2,1,6,8,
991,2,5,5,3,
992,2,2,1,,
993,2,6,6,,
994,2,5,9,,
995,2,9,9,,
996,2,5,6,7,
997,2,8,8,,
998,2,7,7,8,
999,2,6,5,,
1000,2,9,9,8,
1001,2,,7,,
1002,2,9,9,9,
1003,2,4,6,6,
1004,2,8,8,8,
1005,2,8,8,8,
1006,2,1,5,5,
1007,2,6,7,7,
1008,2,7,7,7,
1009,2,7,,,
1010,2,5,6,6,
1011,2,6,,,
1012,2,1,4,6,
1013,2,1,6,6,
1014,2,1,6,2,
1015,2,6,7,,
1016,2,5,6,7,
1017,2,9,8,7,
1018,2,7,7,6,
1019,2,6,,,
1020,2,7,8,,
1021,2,4,4,,
1022,2,6,6,,
1023,2,7,8,8,
1024,2,6,6,7,
1025,2,9,9,,
1026,2,8,8,7,
1027,2,6,6,7,
1028,2,5,5,6,
1029,2,9,,,
1030,2,6,7,7,
1031,2,6,6,7,
1032,2,8,8,9,
1033,2,8,9,7,
1034,2,8,8,8,
1035,2,7,8,8,
1036,2,6,7,,
1037,2,,,8,
1038,2,8,8,8,
1039,2,9,8,8,
1040,2,1,6,9,
1041,2,9,9,8,
1042,2,8,8,8,
1043,2,5,8,8,
1044,2,7,8,8,
1045,2,6,7,8,
1046,2,8,8,7,
1047,2,7,7,,
1048,2,8,8,8,
1049,2,8,8,,
1050,2,8,8,,
1051,2,7,7,,
1052,2,7,7,,
1053,2,5,,,
1054,2,7,7,,
1055,2,8,8,8,
1056,2,7,6,7,
1057,2,4,7,,
1058,2,9,7,,
1059,2,7,9,9,
1060,2,6,7,,
1061,2,6,6,,
1062,2,8,7,7,
1063,2,9,8,8,
1064,2,7,8,9,
1065,2,6,7,8,
1066,2,8,8,8,
1067,2,8,8,8,
1068,2,9,9,9,
1069,2,7,8,8,
1070,2,8,8,,
1071,2,8,,,
1072,2,8,8,,
1073,2,7,7,,
1074,2,9,9,9,
1075,2,8,8,8,
1076,2,7,8,8,
1077,2,8,8,8,
1078,2,8,8,,
1079,2,9,8,8,
1080,2,9,9,9,
1081,2,1,,,
1082,2,9,9,,
1083,2,9,,,
1084,2,8,8,8,
1085,2,9,10,10,
1086,2,9,10,10,
1087,2,8,7,7,
1088,2,6,7,7,
1089,2,7,8,8,
1090,2,1,8,8,
1091,2,8,,,
1092,2,6,8,8,
1093,2,1,9,9,
1094,2,6,6,8,
1095,2,6,6,5,
1096,2,7,8,8,
1097,2,8,8,8,
1098,2,7,8,,
1099,2,9,9,8,
1100,2,10,7,9,
1101,2,10,10,10,
1102,2,9,9,9,
1103,2,7,8,9,
1104,2,9,9,9,
1105,2,1,10,,
1106,2,7,7,7,
1107,2,6,6,8,
1108,2,6,7,,
1109,2,6,7,7,
1110,2,8,8,8,
1111,2,6,6,7,
1112,2,7,8,,
1113,2,8,8,7,
1114,2,6,6,6,
1115,2,8,8,8,
1116,2,6,6,6,
1117,2,8,9,9,
1118,2,6,8,8,
1119,2,9,9,7,
1120,2,8,7,8,
1121,2,6,7,8,
1122,2,5,7,6,
1123,2,5,8,8,
1124,2,1,5,8,
1125,2,6,6,3,
1126,2,7,1,1,
1127,2,6,6,8,
1128,2,7,8,8,
1129,2,6,7,,
1130,2,6,,,
1131,2,7,,,
1132,2,,,,
1133,2,7,7,,
1134,2,7,6,,
1135,2,8,9,9,
1136,2,7,7,,
1137,2,6,7,8,
1138,2,6,7,7,
1139,2,6,7,6,
1140,2,1,6,6,
1141,2,7,7,6,
1142,2,8,8,8,
1143,2,6,6,6,
1144,2,7,8,9,
1145,2,6,5,7,
1146,2,2,,,
1147,2,6,6,,
1148,2,6,6,,
1149,2,6,7,,
1150,2,8,8,,
1151,2,7,7,8,
1152,2,6,7,,
1153,2,6,6,7,
1154,2,7,6,6,
1155,2,6,8,,
1156,2,4,6,5,
1157,2,,,,
1158,2,8,,,
1159,2,7,,,
1160,2,7,7,,
1161,2,,,,
1162,2,8,8,,
1163,2,2,,,
1164,2,1,,,
1165,2,7,,,
1166,2,6,6,8,
1167,2,4,8,,
1168,2,0,,,
1169,2,1,,,
1170,2,8,8,8,
1171,2,7,,,
1172,2,0,,,
1173,2,8,,,
1174,2,9,8,9,
1175,2,8,8,8,
1176,2,8,7,7,
1177,2,5,6,7,
1178,2,0,,,
1179,2,6,6,,
1180,2,2,,,
1181,2,6,7,,
1182,2,8,8,7,
1183,2,6,5,8,
1184,2,6,7,6,
1185,2,7,8,7,
1186,2,7,7,7,
1187,2,7,7,8,
1188,2,1,7,,
1189,2,8,7,7,
1190,2,6,6,,
1191,2,4,4,7,
1192,2,8,8,5,
1193,2,6,6,8,
1194,2,5,6,8,
1195,2,8,9,6,
1196,2,9,8,8,
1197,2,9,9,9,
1198,2,1,6,7,
1199,2,8,7,7,
1200,2,6,8,7,
1201,2,6,7,7,
1202,2,8,8,7,
1203,2,7,7,7,
1204,2,7,7,7,
1205,2,8,8,,
1206,2,9,8,8,
1207,2,8,8,6,
1208,2,0,,,
1209,2,7,9,6,
1210,2,8,7,,
1211,2,6,7,8,
1212,2,3,7,,
1213,2,0,,,
1214,2,6,7,,
1215,2,6,,,
1216,2,6,7,7,
1217,2,8,6,,
1218,2,8,8,7,
1219,2,6,9,8,
1220,2,6,7,7,
1221,2,7,7,7,
1222,2,8,8,8,
1223,2,7,9,9,
1224,2,6,7,7,
1225,2,7,9,8,
1226,2,8,8,8,
1227,2,9,8,8,
1228,2,5,7,,
1229,2,6,6,6,
1230,2,4,5,6,
1231,2,,,,
1232,2,3,3,8,
1233,2,7,9,,
1234,2,5,7,,
1235,2,6,,,
1236,2,6,6,7,
1237,2,6,5,6,
1238,2,7,7,,
1239,2,8,,,
1240,2,7,7,,
1241,2,8,,,
1242,2,2,,,
1243,2,7,,,
1244,2,5,6,7,
1245,2,6,5,,
1246,2,9,9,,
1247,2,8,7,8,
1248,2,7,8,7,
1249,2,5,,,
1250,2,7,8,8,
1251,2,5,6,,
1252,2,6,,,
1253,2,9,8,8,
1254,2,1,8,8,
1255,2,9,9,8,
1256,2,9,9,8,
1257,2,6,,,
1258,2,7,7,7,
1259,2,9,8,8,
1260,2,9,9,9,
1261,2,6,6,7,
1262,2,8,8,,
1263,2,9,9,,
1264,2,7,8,5,
1265,2,7,8,8,
1266,2,6,5,7,
1267,2,7,7,7,
1268,2,7,8,4,
1269,2,7,8,8,
1270,2,7,8,8,
1271,2,0,,,
1272,2,7,7,7,
1273,2,8,8,7,
1274,2,7,7,7,
1275,2,7,7,7,
1276,2,8,8,8,
1277,2,7,7,,
1278,2,6,7,,
1279,2,8,8,8,
1280,2,6,6,6,
1281,2,5,7,,
1282,2,7,5,7,
1283,2,8,7,5,
1284,2,9,9,9,
1285,2,7,9,9,
1286,2,9,9,8,
1287,2,9,10,10,
1288,2,6,6,7,
1289,2,7,8,8,
1290,2,0,,,
1291,2,7,7,7,
1292,2,6,7,8,
1293,2,8,7,8,
1294,2,6,7,7,
1295,2,7,8,,
1296,2,8,8,9,
1297,2,1,8,8,
1298,2,7,,,
1299,2,8,8,8,
1300,2,8,8,8,
1301,2,9,9,,
1302,2,7,,,
1303,2,9,9,,
1304,2,9,9,9,
1305,2,9,9,9,
1306,2,9,9,8,
1307,2,7,8,8,
1308,2,6,6,,
1309,2,9,9,8,
1310,2,7,7,,
1311,2,7,8,8,
1312,2,5,8,,
1313,2,8,8,8,
1314,2,8,7,8,
1315,2,9,9,9,
1316,2,7,8,8,
1317,2,7,7,7,
1318,2,8,9,8,
1319,2,8,8,,
1320,2,9,9,9,
1321,2,6,8,,
1322,2,7,7,8,
1323,2,1,9,8,
1324,2,9,9,,
1325,2,9,8,9,
1326,2,9,9,9,
1327,2,4,4,5,
1328,2,7,7,7,
1329,2,8,8,7,
1330,2,8,8,7,
1331,2,7,7,7,
1332,2,2,5,5,
1333,2,6,7,7,
1334,2,8,8,7,
1335,2,7,8,8,
1336,2,7,7,8,
1337,2,8,8,8,
1338,2,3,7,8,
1339,2,8,8,8,
1340,2,5,5,5,
1341,2,5,5,5,
1342,2,6,6,7,
1343,2,4,4,4,
1344,2,7,8,8,
1345,2,7,7,7,
1346,2,6,7,7,
1347,2,6,6,7,
1348,2,4,4,5,
1349,2,5,7,7,
1350,2,6,7,7,
1351,2,6,6,6,
1352,2,4,5,5,
1353,2,7,7,7,
1354,2,5,5,5,
1355,2,4,7,6,
1356,2,5,5,5,
1357,2,4,4,8,
1358,2,8,8,7,
1359,2,8,7,7,
1360,2,8,8,8,
1361,2,8,8,9,
1362,2,7,7,7,
1363,2,8,8,8,
1364,2,7,7,7,
1365,2,8,,,
1366,2,8,7,7,
1367,2,4,,,
1368,2,6,6,7,
1369,2,4,4,,
1370,2,8,8,8,
1371,2,8,8,8,
1372,2,6,4,,
1373,2,5,7,7,
1374,2,8,7,7,
1375,2,8,8,8,
1376,2,5,6,6,
1377,2,8,8,8,
1378,2,6,6,6,
1379,2,8,8,7,
1380,2,4,4,5,
1381,2,7,7,8,
1382,2,8,8,,
1383,2,7,5,,
1384,2,3,6,8,
1385,2,6,6,7,
1386,2,3,3,6,
1387,2,6,7,,
1388,2,6,7,8,
1389,2,6,6,6,
1390,2,5,4,,
1391,2,4,4,5,
1392,2,4,6,6,
1393,2,6,7,,
1394,2,4,4,5,
1395,2,6,6,7,
1396,2,7,7,8,
1397,2,9,9,8,
1398,2,8,6,7,
1399,2,7,7,7,
1400,2,4,5,5,
1401,2,3,6,,
1402,2,6,7,7,
1403,2,6,6,7,
1404,2,7,7,7,
1405,2,7,7,7,
1406,2,4,4,5,
1407,2,7,7,7,
1408,2,8,8,8,
1409,2,8,7,7,
1410,2,9,8,8,
1411,2,7,7,7,
1412,2,5,5,6,
1413,2,7,6,7,
1414,2,1,8,7,
1415,2,7,7,8,
1416,2,8,8,7,
1417,2,6,7,7,
1418,2,5,6,7,
1419,2,7,,,
1420,2,6,7,7,
1421,2,7,7,7,
1422,2,4,5,7,
1423,2,8,8,8,
1424,2,8,8,8,
1425,2,8,8,8,
1426,2,7,7,8,
1427,2,4,5,6,
1428,2,6,7,7,
1429,2,8,8,,
1430,2,7,7,8,
1431,2,7,7,,
1432,2,8,8,8,
1433,2,8,8,7,
1434,2,5,6,7,
1435,2,8,8,8,
1436,2,8,7,7,
1437,2,8,8,,
1438,2,6,7,7,
1439,2,5,7,7,
1440,2,7,7,7,
1441,2,7,,,
1442,2,7,8,3,
1443,2,8,8,8,
1444,2,8,8,9,
1445,2,8,9,8,
1446,2,8,8,8,
1447,2,4,5,5,
1448,2,6,6,6,
1449,2,5,5,7,
1450,2,4,5,5,
1451,2,7,7,7,
1452,2,6,6,6,
1453,2,7,7,6,
1454,2,3,6,,
1455,2,4,7,7,
1456,2,6,6,7,
1457,2,1,1,6,
1458,2,6,7,6,
1459,2,6,7,7,
1460,2,6,6,7,
1461,2,7,7,8,
1462,2,6,4,5,
1463,2,5,6,7,
1464,2,6,6,6,
1465,2,5,5,5,
1466,2,9,8,8,
1467,2,7,7,7,
1468,2,8,8,8,
1469,2,6,7,7,
1470,2,4,5,,
1471,2,8,7,7,
1472,2,4,6,6,
1473,2,6,6,7,
1474,2,1,7,7,
1475,2,8,8,7,
1476,2,7,8,8,
1477,2,6,7,7,
1478,2,7,7,7,
1479,2,7,7,7,
1480,2,6,7,7,
1481,2,8,8,4,
1482,2,7,7,7,
1483,2,6,7,7,
1484,2,6,6,6,
1485,2,5,5,5,
1486,2,6,,,
1487,2,6,6,7,
1488,2,7,7,8,
1489,2,6,6,5,
1490,2,6,6,7,
1491,2,6,6,6,
1492,2,4,6,7,
1493,2,4,6,6,
1494,2,7,7,7,
1495,2,6,7,7,
1496,2,6,6,6,
1497,2,5,6,6,
1498,2,4,8,8,
1499,2,8,8,8,
1500,2,4,5,5,
1501,2,8,7,7,
1502,2,7,7,7,
1503,2,7,7,6,
1504,2,5,6,6,
1505,2,7,6,7,
1506,2,5,5,5,
1507,2,9,9,7,
1508,2,7,8,8,
1509,2,6,8,8,
1510,2,8,8,6,
1511,2,9,8,,
1512,2,5,5,,
1513,2,9,9,8,
1514,2,9,9,8,
1515,2,10,9,9,
1516,2,7,7,7,
1517,2,7,8,8,
1518,2,8,8,,
1519,2,8,9,8,
1520,2,5,,,
1521,2,8,7,_,
1522,2,8,8,5,
1523,2,7,8,,
1524,2,6,6,,
1525,2,7,7,7,
1526,2,7,7,7,
1527,2,7,6,7,
1528,2,9,9,9,
1529,2,9,8,9,
1530,2,7,7,,
1531,2,4,5,5,
1532,2,5,5,5,
1533,2,8,7,6,
1534,2,4,7,7,
1535,2,8,8,8,
1536,2,7,8,7,
1537,2,8,,,
1538,2,6,7,7,
1539,2,8,7,,
1540,2,8,8,8,
1541,2,4,4,7,
1542,2,7,7,8,
1543,2,6,7,8,
1544,2,8,8,7,
1545,2,7,7,7,
1546,2,5,6,,
1547,2,8,7,7,
1548,2,6,7,7,
1549,2,7,7,7,
1550,2,7,7,7,
1551,2,6,8,8,
1552,2,7,7,7,
1553,2,4,4,5,
1554,2,8,7,7,
1555,2,7,7,7,
1556,2,7,7,8,
1557,2,5,7,7,
1558,2,8,8,8,
1559,2,6,7,7,
1560,2,7,7,8,
1561,2,7,7,5,
1562,2,5,5,5,
1563,2,2,8,,
1564,2,5,6,6,
1565,2,6,7,7,
1566,2,8,8,6,
1567,2,7,8,8,
1568,2,6,6,7,
1569,2,4,6,6,
1570,2,5,5,7,
1571,2,6,7,7,
1572,2,4,6,6,
1573,2,4,4,5,
1574,2,8,6,,
1575,2,3,5,5,
1576,2,7,7,7,
1577,2,4,4,5,
1578,2,3,5,5,
1579,2,7,7,9,
1580,2,7,7,,
1581,2,8,8,8,
1582,2,7,7,6,
1583,2,7,8,8,
1584,2,7,8,8,
1585,2,7,7,7,
1586,2,8,8,8,
1587,2,8,8,8,
1588,2,4,,,
1589,2,9,8,,
1590,2,3,4,,
1591,2,8,8,8,
1592,2,9,8,8,
1593,2,5,8,,
1594,2,7,7,8,
1595,2,8,,,
1596,2,9,8,8,
1597,2,7,7,7,
1598,2,7,6,7,
1599,2,8,7,7,
1600,2,8,8,7,
1601,2,5,5,,
1602,2,7,,,
1603,2,6,7,,
1604,2,3,6,7,
1605,2,7,6,,
1606,2,,,,
1607,2,6,6,,
1608,2,6,6,8,
1609,2,6,6,,
1610,2,7,7,,
1611,2,7,7,,
1612,2,5,5,5,
1613,2,6,4,,
1614,2,2,7,7,
1615,2,4,4,5,
1616,2,8,8,8,
1617,2,6,7,7,
1618,2,7,7,8,
1619,2,6,7,,
1620,2,7,8,8,
1621,2,6,6,7,
1622,2,4,4,7,
1623,2,7,7,7,
1624,2,4,8,7,
1625,2,7,7,7,
1626,2,6,6,7,
1627,2,8,7,5,
1628,2,8,8,8,
1629,2,4,7,7,
1630,2,3,7,7,
1631,2,7,8,8,
1632,2,7,7,,
1633,2,6,6,6,
1634,2,6,7,,
1635,2,8,8,7,
1636,2,7,8,8,
1637,2,8,7,7,
1638,2,5,7,7,
1639,2,6,6,6,
1640,2,8,7,7,
1641,2,7,6,,
1642,2,8,8,7,
1643,2,4,7,7,
1644,2,8,8,,
1645,2,6,7,8,
1646,2,8,8,8,
1647,2,8,8,7,
1648,2,6,6,7,
1649,2,7,7,7,
1650,2,8,8,7,
1651,2,8,8,4,
1652,2,7,7,6,
1653,2,8,8,7,
1654,2,6,6,8,
1655,2,4,7,,
1656,2,8,8,8,
1657,2,6,6,7,
1658,2,8,7,7,
1659,2,8,8,8,
1660,2,7,7,,
1661,2,8,8,8,
1662,2,7,7,7,
1663,2,6,7,7,
1664,2,8,8,7,
1665,2,8,8,6,
1666,2,8,8,8,
1667,2,8,8,8,
1668,2,4,5,5,
1669,2,7,7,7,
1670,2,4,4,5,
1671,2,4,4,5,
1672,2,6,6,,
1673,2,5,6,7,
1674,2,3,6,6,
1675,2,7,7,7,
1676,2,6,,,
1677,2,7,7,,
1678,2,7,7,,
1679,2,6,6,,
1680,2,7,8,7,
1681,2,7,7,,
1682,2,4,5,,
1683,2,6,,,
1684,2,7,6,,
1685,2,5,7,,
1686,2,5,,,
1687,2,7,,,
1688,2,8,,,
1689,2,7,7,7,
1690,2,8,8,,
1691,2,4,6,,
1692,2,7,7,7,
1693,2,6,6,7,
1694,2,6,7,7,
1695,2,6,6,6,
1696,2,8,8,8,
1697,2,6,7,7,
1698,2,4,8,7,
1699,2,7,7,7,
1700,2,7,4,5,
1701,2,7,7,7,
1702,2,7,6,,
1703,2,7,7,,
1704,2,8,8,7,
1705,2,4,5,6,
1706,2,6,6,6,
1707,2,1,1,4,
1708,2,8,,7,
1709,2,7,7,7,
1710,2,6,7,,
1711,2,6,6,6,
1712,2,6,6,7,
1713,2,6,6,,
1714,2,6,7,7,
1715,2,6,6,,
1716,2,5,6,7,
1717,2,6,6,6,
1718,2,5,6,6,
1719,2,8,8,8,
1720,2,6,7,7,
1721,2,8,8,8,
1722,2,8,8,8,
1723,2,7,7,,
1724,2,6,6,7,
1725,2,5,5,5,
1726,2,7,7,,
1727,2,6,6,7,
1728,2,9,8,9,
1729,2,9,8,8,
1730,2,9,8,9,
1731,2,6,6,6,
1732,2,3,8,8,
1733,2,7,8,7,
1734,2,5,6,,
1735,2,7,8,8,
1736,2,9,9,8,
1737,2,8,8,7,
1738,2,8,8,7,
1739,2,8,7,_,
1740,2,7,4,7,
1741,2,5,4,,
1742,2,8,,,
1743,2,8,,,
1744,2,,,,
1745,2,7,7,,
1746,2,3,5,5,
1747,2,8,9,8,
1748,2,8,8,8,
1749,2,10,9,,
1750,2,7,7,9,
1751,2,9,9,8,
1752,2,5,5,8,
1753,2,8,8,4,
1754,2,6,6,8,
1755,2,9,8,6,
1756,2,7,7,7,
1757,2,9,10,7,
1758,2,9,8,8,
1759,2,8,8,8,
1760,2,8,7,8,
1761,2,8,7,,
1762,2,6,4,4,
1763,2,8,8,7,
1764,2,8,9,8,
1765,2,8,9,,
1766,2,7,7,,
1767,2,7,7,8,
1768,2,8,8,8,
1769,2,5,7,7,
1770,2,7,7,7,
1771,2,6,6,7,
1772,2,6,6,7,
1773,2,6,7,7,
1774,2,4,4,4,
1775,2,8,8,8,
1776,2,7,7,,
1777,2,8,8,8,
1778,2,5,5,6,
1779,2,7,7,8,
1780,2,3,4,5,
1781,2,8,8,8,
1782,2,5,8,8,
1783,2,5,5,6,
1784,2,8,8,,
1785,2,5,5,5,
1786,2,4,4,7,
1787,2,7,7,7,
1788,2,8,8,7,
1789,2,7,7,8,
1790,2,7,7,7,
1791,2,4,7,7,
1792,2,5,5,7,
1793,2,6,7,,
1794,2,6,6,6,
1795,2,7,5,,
1796,2,4,4,,
1797,2,7,7,6,
1798,2,4,4,5,
1799,2,6,6,,
1800,2,8,8,8,
1801,2,7,7,,
1802,2,8,8,8,
1803,2,8,8,8,
1804,2,7,6,8,
1805,2,7,7,8,
1806,2,8,8,7,
1807,2,8,8,8,
1808,2,6,6,7,
1809,2,5,5,5,
1810,2,9,9,,
1811,2,3,4,,
1812,2,4,7,,
1813,2,8,,,
1814,2,5,8,8,
1815,2,8,7,7,
1816,2,2,8,,
1817,2,7,8,7,
1818,2,8,7,7,
1819,2,7,8,8,
1820,2,4,7,,
1821,2,8,6,7,
1822,2,7,,,
1823,2,6,7,7,
1824,2,7,6,6,
1825,2,5,8,,
1826,2,8,5,,
1827,2,7,7,7,
1828,2,7,,,
1829,2,6,,,
1830,2,2,6,6,
1831,2,6,6,,
1832,2,8,6,7,
1833,2,5,7,,
1834,2,6,6,6,
1835,2,7,,,
1836,2,5,6,,
1837,2,7,7,7,
1838,2,8,8,,
1839,2,7,7,7,
1840,2,6,7,7,
1841,2,1,6,6,
1842,2,3,4,,
1843,2,6,,,
1844,2,4,4,,
1845,2,7,,,
1846,2,7,7,7,
1847,2,6,6,7,
1848,2,7,7,,
1849,2,3,7,,
1850,2,6,,,
1851,2,7,8,,
1852,2,7,7,,
1853,2,,,,
1854,2,6,5,5,
1855,2,4,6,7,
1856,2,8,8,,
1857,2,8,8,8,
1858,2,7,7,7,
1859,2,7,7,7,
1860,2,7,8,7,
1861,2,6,,,
1862,2,8,8,8,
1863,2,8,,,
1864,2,4,5,8,
1865,2,8,7,8,
1866,2,7,8,7,
1867,2,7,,,
1868,2,8,7,7,
1869,2,7,8,7,
1870,2,8,8,7,
1871,2,8,8,7,
1872,2,4,6,,
1873,2,8,,,
1874,2,6,7,,
1875,2,7,8,7,
1876,2,8,,,
1877,2,7,8,7,
1878,2,8,8,,
1879,2,8,8,,
1880,2,3,8,9,
1881,2,8,,,
1882,2,8,8,8,
1883,2,2,8,8,
1884,2,6,6,7,
1885,2,6,6,7,
1886,2,9,9,8,
1887,2,,,,
1888,2,,,,
1889,2,5,5,5,
1890,2,7,7,7,
1891,2,6,6,6,
1892,2,4,4,,
1893,2,5,5,,
1894,2,6,6,,
1895,2,6,6,7,
1896,2,6,6,,
1897,2,4,5,6,
1898,2,7,,,
1899,2,4,,,
1900,2,3,6,6,
1901,2,6,7,7,
1902,2,6,6,6,
1903,2,4,5,7,
1904,2,4,,,
1905,2,4,3,,
1906,2,5,5,,
1907,2,3,4,,
1908,2,8,7,,
1909,2,8,8,8,
1910,2,8,8,7,
1911,2,5,6,6,
1912,2,6,,,
1913,2,8,8,8,
1914,2,4,5,5,
1915,2,3,6,7,
1916,2,6,7,,
1917,2,8,8,8,
1918,2,7,7,,
1919,2,8,8,7,
1920,2,7,7,7,
1921,2,7,7,6,
1922,2,7,6,,
1923,2,8,8,7,
1924,2,8,8,7,
1925,2,8,8,8,
1926,2,7,7,,
1927,2,4,6,7,
1928,2,5,5,5,
1929,2,6,6,6,
1930,2,6,6,7,
1931,2,6,5,,
1932,2,6,6,7,
1933,2,6,6,,
1934,2,6,7,,
1935,2,6,7,7,
1936,2,4,5,,
1937,2,,,,
1938,2,7,7,7,
1939,2,6,6,,
1940,2,8,8,8,
1941,2,6,7,7,
1942,2,6,8,7,
1943,2,7,7,7,
1944,2,6,6,6,
1945,2,8,8,7,
1946,2,6,6,6,
1947,2,7,7,7,
1948,2,6,6,7,
1949,2,8,8,8,
1950,2,8,8,8,
1951,2,8,8,8,
1952,2,5,6,8,
1953,2,8,8,8,
1954,2,9,9,6,
1955,2,10,9,,
1956,2,7,8,8,
1957,2,8,8,,
1958,2,6,6,8,
1959,2,6,7,7,
1960,2,8,8,8,
1961,2,10,8,8,
1962,2,5,5,5,
1963,2,9,9,8,
1964,2,6,6,6,
1965,2,6,7,8,
1966,2,7,7,7,
1967,2,5,5,6,
1968,2,9,10,9,
1969,2,10,9,9,
1970,2,10,9,8,
1971,2,7,7,6,
1972,2,10,9,7,
1973,2,5,5,5,
1974,2,6,7,6,
1975,2,4,4,4,
1976,2,7,7,7,
1977,2,,,,
1978,2,9,9,,
1979,2,9,9,8,
1980,2,9,9,7,
1981,2,8,8,9,
1982,2,9,8,8,
1983,2,5,5,4,
1984,2,8,8,8,
1985,2,8,8,8,
1986,2,8,9,,
1987,2,7,8,8,
1988,2,4,7,7,
1989,2,9,9,8,
1,1,10,10,10,
2,1,10,10,10,
3,1,10,8,10,
4,1,10,10,.,
5,1,10,9,7,
6,1,10,10,10,
7,1,10,10,.,
8,1,10,8,.,
9,1,10,10,.,
10,1,10,10,10,
11,1,10,10,7,
12,1,10,10,7,
13,1,10,10,10,
14,1,10,10,10,
15,1,7,10,10,
16,1,.,.,.,
17,1,10,10,10,
18,1,10,10,10,
19,1,10,10,10,
20,1,10,10,10,
21,1,10,10,10,
22,1,10,10,.,
23,1,10,10,10,
24,1,10,10,10,
25,1,8,7,.,yes
26,1,10,7,8,yes
27,1,8,7,.,yes
28,1,10,.,.,yes
29,1,10,10,10,yes
30,1,10,10,10,
31,1,10,10,10,
32,1,10,10,10,
33,1,10,10,10,
34,1,10,10,.,
35,1,10,10,10,
36,1,10,10,10,
37,1,10,10,10,
38,1,10,10,10,
39,1,10,10,10,
40,1,9,.,.,
41,1,6,8,8,
42,1,9,.,.,
43,1,9,.,.,
44,1,.,.,.,
45,1,10,.,.,
46,1,9,9,10,
47,1,.,.,.,
48,1,10,10,10,
49,1,10,10,.,
50,1,10,10,.,
51,1,10,10,10,
52,1,7,7,.,
53,1,10,10,.,
54,1,10,10,10,
55,1,8,8,.,
56,1,10,10,10,
57,1,10,10,.,
58,1,6,6,.,
59,1,6,6,.,
60,1,8,8,7,yes
61,1,9,9,.,yes
62,1,9,9,.,yes
63,1,6,6,.,yes
64,1,7,7,.,yes
65,1,7,7,.,
66,1,.,.,.,
67,1,10,10,10,
68,1,10,10,.,
69,1,10,10,10,
70,1,10,10,10,
71,1,10,10,10,
72,1,10,10,10,
73,1,5,5,.,
74,1,4,4,.,
75,1,8,8,.,yes
76,1,3,.,.,
77,1,8,8,.,
78,1,10,10,8,
79,1,10,10,.,
80,1,10,10,.,
81,1,6,6,10,
82,1,5,5,.,
83,1,10,10,10,
84,1,10,10,.,
85,1,.,.,.,
86,1,4,4,.,
87,1,.,.,.,
88,1,10,10,10,
89,1,10,10,10,
90,1,10,10,6,
91,1,10,10,10,
92,1,10,10,10,
93,1,8,.,.,
94,1,10,10,10,
95,1,10,10,.,
96,1,10,10,10,
97,1,7,10,10,
98,1,10,5,.,
99,1,10,10,.,
100,1,10,10,.,
101,1,10,10,10,
102,1,10,.,.,
103,1,7,.,.,
104,1,.,.,.,
105,1,.,.,.,
106,1,5,.,.,
107,1,.,.,.,
108,1,9,.,.,
109,1,10,.,.,
110,1,10,10,10,
111,1,10,10,10,
112,1,10,10,.,
113,1,7,.,.,
114,1,7,.,.,
115,1,9,9,.,
116,1,.,.,.,
117,1,8,9,10,
118,1,9,10,.,
119,1,10,10,10,
120,1,10,10,10,
121,1,10,10,10,
122,1,10,10,10,
123,1,10,10,.,
124,1,10,9,.,
125,1,10,.,.,
126,1,9,9,5,yes
127,1,6,6,7,yes
128,1,6,6,9,yes
129,1,5,6,7,yes
130,1,8,9,.,
131,1,9,9,9,yes
132,1,6,9,9,yes
133,1,9,8,.,
134,1,6,7,.,yes
135,1,6,6,8,yes
136,1,8,7,6,
137,1,8,9,7,yes
138,1,10,10,10,
139,1,7,8,.,
140,1,5,10,,
141,1,10,10,10,
142,1,10,10,.,
143,1,7,.,10,
144,1,7,.,.,
145,1,8,.,.,
146,1,7,.,.,
147,1,5,.,.,
148,1,9,10,10,
149,1,10,.,.,
150,1,9,.,.,
151,1,8,.,.,
152,1,10,10,10,
153,1,8,8,.,
154,1,10,7,.,
155,1,7,6,5,
156,1,4,6,7,
157,1,7,5,.,
158,1,7,.,.,
159,1,7,7,.,
160,1,9,10,0,
161,1,8,8,.,yes
162,1,10,10,10,
163,1,5,7,.,yes
164,1,9,8,.,yes
165,1,6,7,.,yes
166,1,6,6,6,yes
167,1,6,.,.,
168,1,.,.,.,
169,1,9,8,.,
170,1,6,8,9,yes
171,1,6,6,8,yes
172,1,10,10,10,
173,1,10,7,10,
174,1,10,10,10,
175,1,10,10,10,
176,1,10,.,.,
177,1,10,.,.,
178,1,10,.,.,
179,1,10,9,.,
180,1,8,10,10,
181,1,10,10,10,
182,1,10,10,.,
183,1,10,10,.,
184,1,8,.,.,
185,1,10,10,.,
186,1,10,10,.,
187,1,10,10,.,
188,1,10,10,.,
189,1,10,10,.,
190,1,10,10,5,
191,1,8,8,.,
192,1,10,10,10,
193,1,10,10,10,
194,1,10,10,.,
195,1,9,10,.,
196,1,10,10,.,
197,1,10,10,.,
198,1,7,10,.,
199,1,10,10,.,
200,1,7,8,.,
201,1,6,6,.,
202,1,10,10,10,
203,1,10,10,10,
204,1,.,.,.,
205,1,10,9,.,
206,1,9,9,.,
207,1,8,.,.,
208,1,10,9,9,
209,1,10,10,10,
210,1,10,10,10,
211,1,10,10,7,
212,1,10,10,10,
213,1,10,10,10,
214,1,10,10,.,
215,1,10,10,10,
216,1,5,10,.,
217,1,8,.,.,
218,1,10,9,.,
219,1,10,10,.,
220,1,8,10,.,
221,1,10,10,.,
222,1,10,10,10,
223,1,8,9,10,
224,1,10,8,7,
225,1,10,10,.,yes
226,1,10,10,.,
227,1,10,10,10,
228,1,10,10,10,
229,1,9,.,.,
230,1,10,10,10,
231,1,10,10,10,
232,1,10,10,10,
233,1,10,10,10,
234,1,10,10,10,
235,1,10,10,10,
236,1,7,.,.,
237,1,7,.,.,
238,1,9,10,8,
239,1,10,10,10,
240,1,10,10,10,
241,1,10,9,10,
242,1,10,6,.,
243,1,10,8,8,yes
244,1,7,9,.,
245,1,10,9,7,
246,1,9,8,9,yes
247,1,8,10,.,yes
248,1,10,10,10,yes
249,1,9,9,10,yes
250,1,10,10,10,yes
251,1,10,10,10,yes
252,1,10,10,10,
253,1,10,10,10,
254,1,10,10,10,
255,1,10,10,10,
256,1,10,10,10,
257,1,10,10,10,
258,1,10,10,10,
259,1,10,10,10,
260,1,10,.,.,
261,1,10,10,10,
262,1,9,9,.,
263,1,9,.,.,
264,1,10,10,.,
265,1,4,4,.,
266,1,5,6,.,
267,1,9,9,9,
268,1,8,.,.,
269,1,10,10,10,
270,1,10,10,10,
271,1,.,.,.,
272,1,10,10,10,
273,1,10,.,.,
274,1,10,10,8,
275,1,10,10,6,
276,1,10,10,.,
277,1,6,10,10,
278,1,10,10,10,
279,1,7,10,10,
280,1,10,10,.,
281,1,7,7,8,yes
282,1,8,8,7,yes
283,1,8,8,.,yes
284,1,7,7,.,yes
285,1,5,5,.,yes
286,1,7,7,.,
287,1,7,7,.,yes
288,1,9,8,.,yes
289,1,9,9,.,yes
290,1,10,10,.,
291,1,10,10,10,
292,1,10,10,10,
293,1,10,10,10,
294,1,10,10,10,
295,1,7,8,.,
296,1,.,.,.,
297,1,7,.,.,
298,1,6,.,.,yes
299,1,7,7,8,
300,1,7,8,5,
301,1,9,8,8,yes
302,1,10,10,.,
303,1,.,.,.,
304,1,5,.,.,
305,1,10,10,.,
306,1,8,8,.,
307,1,10,10,10,
308,1,7,8,.,
309,1,10,10,10,
310,1,10,10,10,
311,1,10,10,10,
312,1,8,10,10,
313,1,10,10,.,
314,1,10,10,.,
315,1,10,10,10,
316,1,10,10,10,
317,1,10,10,10,
318,1,10,10,10,
319,1,10,.,.,
320,1,10,9,.,
321,1,6,9,9,
322,1,9,.,.,
323,1,6,.,.,
324,1,.,.,.,
325,1,.,.,.,
326,1,7,.,.,
327,1,8,.,.,
328,1,8,.,.,
329,1,.,.,.,
330,1,9,8,8,
331,1,8,8,7,
332,1,10,10,5,
333,1,10,10,10,
334,1,5,.,.,
335,1,10,8,9,
336,1,10,.,.,
337,1,6,5,10,
338,1,10,10,8,
339,1,8,9,.,
340,1,7,10,10,
341,1,10,10,.,
342,1,10,.,.,
343,1,10,.,.,
344,1,10,10,10,
345,1,10,.,.,
346,1,5,6,5,yes
347,1,8,8,8,
348,1,5,7,8,yes
349,1,10,10,10,yes
350,1,8,8,.,
351,1,8,8,.,
352,1,9,9,9,
353,1,8,.,.,yes
354,1,7,8,.,
355,1,8,8,.,
356,1,8,9,9,yes
357,1,7,9,.,yes
358,1,10,7,.,
359,1,10,.,.,
360,1,8,8,8,
361,1,10,10,10,
362,1,7,10,.,
363,1,10,10,10,
364,1,7,8,.,
365,1,6,.,.,
366,1,10,10,10,
367,1,8,.,.,
368,1,5,4,6,
369,1,10,9,.,
370,1,8,10,.,
371,1,9,8,.,
372,1,8,7,.,
373,1,9,.,.,
374,1,10,10,.,
375,1,9,9,.,
376,1,8,9,9,
377,1,10,8,.,
378,1,7,7,.,
379,1,8,.,.,
380,1,8,7,.,
381,1,10,9,9,
382,1,6,6,4,yes
383,1,10,9,8,yes
384,1,8,7,.,yes
385,1,6,7,.,yes
386,1,.,.,.,
387,1,7,.,.,
388,1,7,7,8,
389,1,7,.,.,
390,1,8,9,9,
391,1,9,9,10,yes
392,1,10,10,.,yes
393,1,10,10,10,
394,1,9,10,10,
395,1,10,10,10,
396,1,10,10,10,
397,1,10,10,10,
398,1,10,10,10,
399,1,8,10,10,
400,1,10,.,10,
401,1,10,10,.,
402,1,10,10,.,
403,1,10,10,10,
404,1,10,8,10,
405,1,10,10,10,
406,1,10,9,10,
407,1,10,9,.,
408,1,10,10,10,
409,1,10,10,.,
410,1,10,10,10,
411,1,10,10,.,
412,1,10,10,10,
413,1,9,8,10,
414,1,10,10,.,
415,1,10,10,10,
416,1,10,10,.,
417,1,8,7,.,
418,1,10,9,.,
419,1,10,8,.,
420,1,10,10,.,
421,1,10,8,.,
422,1,10,5,.,
423,1,10,10,9,
424,1,5,.,.,
425,1,10,9,.,
426,1,10,8,.,
427,1,8,.,.,
428,1,8,.,.,
429,1,10,10,.,
430,1,10,10,.,
431,1,10,10,10,
432,1,10,10,10,
433,1,7,10,10,
434,1,10,10,10,
435,1,10,9,10,
436,1,9,10,8,
437,1,9,10,10,
438,1,10,7,.,
439,1,10,.,8,
440,1,10,.,.,
441,1,10,10,.,
442,1,10,10,.,
443,1,10,10,10,yes
444,1,10,10,10,yes
445,1,10,10,10,yes
446,1,10,10,10,yes
447,1,9,10,10,yes
448,1,10,10,10,yes
449,1,10,10,10,
450,1,10,10,10,
451,1,10,10,10,
452,1,10,10,10,
453,1,10,10,9,
454,1,10,10,10,
455,1,10,10,10,
456,1,9,10,10,
457,1,10,10,10,
458,1,10,10,10,
459,1,7,8,.,
460,1,6,9,.,
461,1,8,9,9,
462,1,10,10,10,
463,1,10,10,10,
464,1,10,10,.,yes
465,1,9,10,10,yes
466,1,10,10,10,
467,1,10,8,10,yes
468,1,7,10,10,
469,1,7,8,8,yes
470,1,8,8,8,yes
471,1,8,8,.,
472,1,9,9,8,yes
473,1,9,10,.,
474,1,10,10,.,
475,1,10,10,10,
476,1,10,10,.,
477,1,8,10,10,
478,1,10,10,.,
479,1,10,10,.,
480,1,10,10,10,
481,1,9,8,8,
482,1,6,6,8,
483,1,7,.,.,
484,1,6,.,.,
485,1,10,10,8,
486,1,8,.,.,
487,1,10,10,10,
488,1,7,7,.,
489,1,.,.,.,
490,1,10,10,.,
491,1,10,10,10,
492,1,10,10,10,
493,1,10,10,10,
494,1,10,10,10,
495,1,5,9,10,
496,1,10,10,10,
497,1,9,9,.,
498,1,.,.,.,
499,1,10,10,.,
500,1,9,9,.,
501,1,10,.,.,
502,1,6,4,.,yes
503,1,9,10,.,yes
504,1,10,10,.,yes
505,1,6,9,.,
506,1,8,.,.,yes
507,1,9,.,.,yes
508,1,7,8,.,yes
509,1,7,9,.,
510,1,9,9,9,
511,1,10,10,10,
512,1,10,10,10,
513,1,10,10,10,
514,1,10,10,10,
515,1,10,10,10,
516,1,10,10,9,
517,1,.,.,.,
518,1,9,9,.,
519,1,6,9,9,
520,1,8,.,.,
521,1,,9,.,yes
522,1,8,9,9,
523,1,9,9,10,
524,1,9,.,.,
525,1,10,8,9,
526,1,7,10,.,
527,1,10,10,.,
528,1,8,10,10,
529,1,10,10,10,
530,1,10,10,8,
531,1,10,10,7,
532,1,7,10,.,
533,1,10,10,10,
534,1,10,10,10,
535,1,10,10,.,
536,1,10,10,.,
537,1,10,10,10,
538,1,10,10,10,
539,1,6,9,.,
540,1,10,.,.,
541,1,10,7,7,
542,1,8,8,.,
543,1,8,.,.,
544,1,.,.,.,
545,1,.,.,.,
546,1,7,8,.,
547,1,8,8,7,
548,1,8,6,.,
549,1,9,9,8,
550,1,.,.,.,
551,1,10,10,10,
552,1,10,10,10,
553,1,5,7,10,
554,1,10,10,.,
555,1,10,10,.,
556,1,10,10,8,
557,1,10,.,.,
558,1,8,.,.,
559,1,10,.,.,
560,1,10,.,.,
561,1,10,10,10,
562,1,10,10,10,
563,1,9,9,.,
564,1,8,7,.,
565,1,8,9,.,
566,1,8,8,.,
567,1,8,7,.,
568,1,8,8,8,
569,1,7,7,8,
570,1,8,10,10,yes
571,1,.,6,8,yes
572,1,9,9,.,
573,1,6,6,8,yes
574,1,8,8,8,yes
575,1,9,8,9,
576,1,9,7,.,yes
577,1,4,6,7,
578,1,8,8,.,
579,1,9,9,9,yes
580,1,10,10,10,
581,1,8,7,.,
582,1,10,9,9,
583,1,10,10,10,
584,1,10,10,10,
585,1,10,10,.,
586,1,.,.,.,
587,1,10,10,.,
588,1,8,8,.,yes
589,1,8,.,.,
590,1,8,.,.,
591,1,8,.,.,
592,1,7,8,.,
593,1,7,.,.,
594,1,8,8,.,
595,1,8,.,.,
596,1,8,.,.,
597,1,10,.,.,
598,1,8,8,6,
599,1,8,8,.,
600,1,9,9,.,
601,1,8,8,.,
602,1,10,10,.,
603,1,7,7,7,
604,1,6,6,8,
605,1,6,.,.,
606,1,7,6,.,
607,1,4,.,.,
608,1,9,9,6,
609,1,8,.,.,yes
610,1,9,9,10,
611,1,9,.,.,
612,1,10,10,10,
613,1,6,6,.,
614,1,10,10,10,
615,1,9,10,.,
616,1,10,10,10,
617,1,10,10,.,
618,1,10,8,.,
619,1,9,9,9,
620,1,9,10,10,
621,1,9,10,10,
622,1,10,10,10,
623,1,10,9,8,
624,1,10,9,10,
625,1,10,10,10,
626,1,6,10,10,
627,1,10,9,10,
628,1,10,10,10,
629,1,9,10,10,
630,1,9,10,.,
631,1,10,9,9,
632,1,9,10,9,
633,1,8,9,9,
634,1,5,9,9,
635,1,9,8,.,
636,1,10,9,9,
637,1,9,10,8,
638,1,9,9,10,
639,1,9,.,.,
640,1,9,9,5,
641,1,9,7,.,
642,1,9,9,9,
643,1,8,9,9,
644,1,10,10,.,
645,1,10,10,.,
646,1,9,9,.,
647,1,10,10,.,
648,1,8,8,8,
649,1,7,.,.,
650,1,8,.,.,
651,1,4,9,9,
652,1,8,7,.,
653,1,8,8,.,
654,1,5,7,.,
655,1,10,10,.,
656,1,10,10,10,
657,1,9,9,9,
658,1,9,10,10,
659,1,98,8,7,
660,1,7,9,10,
661,1,8,8,8,
662,1,,,,
663,1,10,10,10,
664,1,5,5,5,yes
665,1,4,6,.,yes
666,1,5,5,6,yes
667,1,6,7,.,yes
668,1,6,7,.,yes
669,1,7,8,8,yes
670,1,7,7,.,
671,1,8,7,,
672,1,8,8,8,
673,1,8,8,.,
674,1,5,5,6,
675,1,8,8,8,
676,1,7,7,7,
677,1,8,8,8,
678,1,9,8,8,
679,1,4,8,7,
680,1,4,5,7,
681,1,7,7,7,
682,1,5,6,6,
683,1,6,7,7,
684,1,7,8,.,yes
685,1,4,4,5,
686,1,7,7,5,yes
687,1,5,6,6,yes
688,1,6,7,6,yes
689,1,8,8,8,yes
690,1,7,4,.,yes
691,1,5,6,6,yes
692,1,7,8,8,
693,1,5,7,7,yes
694,1,9,9,9,
695,1,9,10,10,
696,1,8,7,7,
697,1,8,7,8,
698,1,7,8,8,
699,1,7,8,.,
700,1,7,7,7,
701,1,7,7,7,
702,1,5,6,5,
703,1,6,6,.,
704,1,7,7,6,
705,1,7,8,.,
706,1,5,6,.,
707,1,4,3,.,
708,1,6,7,7,
709,1,4,7,6,
710,1,6,6,.,
711,1,8,7,.,
712,1,7,7,8,
713,1,4,6,6,yes
714,1,6,6,.,
715,1,6,6,7,
716,1,8,9,6,
717,1,7,7,7,
718,1,8,8,.,
719,1,7,8,8,
720,1,6,6,7,
721,1,8,8,9,
722,1,3,5,.,
723,1,7,.,.,
724,1,4,6,6,
725,1,5,6,,
726,1,6,5,5,
727,1,5,.,.,yes
728,1,5,6,.,
729,1,8,.,.,
730,1,.,.,.,
731,1,8,8,.,
732,1,7,7,7,
733,1,5,6,5,
734,1,8,8,8,
735,1,7,8,8,
736,1,6,4,6,
737,1,7,7,.,
738,1,6,6,6,
739,1,6,.,.,
740,1,8,8,8,
741,1,7,7,7,
742,1,7,7,4,
743,1,8,7,8,
744,1,8,6,7,
745,1,4,6,.,
746,1,6,7,8,
747,1,6,6,.,
748,1,9,9,9,
749,1,7,8,8,
750,1,4,8,8,
751,1,8,7,7,
752,1,7,4,.,
753,1,3,5,.,
754,1,7,7,.,
755,1,7,.,.,
756,1,7,.,.,
757,1,7,7,7,
758,1,6,7,8,
759,1,6,6,.,
760,1,7,7,7,
761,1,2,8,7,
762,1,9,9,.,
763,1,88,8,.,
764,1,1,.,.,
765,1,.,.,.,
766,1,.,.,.,
767,1,8,.,.,
768,1,8,8,.,
769,1,.,.,.,
770,1,5,3,.,
771,1,6,5,.,
772,1,7,7,8,
773,1,6,5,5,
774,1,6,6,6,
775,1,8,8,8,
776,1,5,7,.,yes
777,1,5,5,.,
778,1,.,.,.,
779,1,10,10,10,
780,1,7,7,7,
781,1,6,5,8,
782,1,8,7,6,
783,1,4,4,5,
784,1,7,7,7,
785,1,4,4,5,yes
786,1,6,6,7,
787,1,9,9,9,
788,1,6,7,.,yes
789,1,7,8,6,yes
790,1,3,3,3,yes
791,1,4,7,.,
792,1,4,5,.,yes
793,1,5,5,3,
794,1,4,5,5,yes
795,1,5,6,7,
796,1,4,5,5,
797,1,6,6,6,
798,1,5,5,5,
799,1,6,7,7,
800,1,5,7,7,
801,1,6,7,7,
802,1,6,6,.,yes
803,1,4,4,4,yes
804,1,5,7,6,
805,1,3,3,4,
806,1,6,7,7,
807,1,6,6,6,yes
808,1,9,9,9,
809,1,4,.,.,
810,1,4,4,4,
811,1,7,7,7,
812,1,7,8,.,
813,1,8,7,8,
814,1,9,.,.,
815,1,6,.,.,
816,1,10,5,.,
817,1,9,9,7,
818,1,6,7,7,
819,1,9,9,9,
820,1,8,8,8,
821,1,9,9,9,
822,1,7,7,.,
823,1,9,9,9,
824,1,8,9,9,
825,1,8,8,7,yes
826,1,6,6,6,
827,1,7,7,7,yes
828,1,6,7,7,yes
829,1,6,7,.,yes
830,1,.,.,.,
831,1,7,.,.,
832,1,4,4,4,
833,1,7,.,.,
834,1,6,6,5,
835,1,3,3,4,
836,1,8,8,8,
837,1,8,8,9,
838,1,8,8,8,
839,1,10,9,.,
840,1,9,9,9,
841,1,8,8,.,
842,1,7,7,7,
843,1,7,7,7,
844,1,8,9,9,
845,1,9,9,9,
846,1,9,9,9,
847,1,9,9,9,
848,1,9,7,8,
849,1,8,8,.,
850,1,7,6,6,
851,1,9,9,9,
852,1,8,8,8,
853,1,8,8,9,
854,1,8,8,6,
855,1,6,8,6,
856,1,6,6,7,
857,1,8,8,8,
858,1,,6,7,
859,1,5,8,.,
860,1,3,1,4,
861,1,7,8,8,
862,1,7,7,7,
863,1,6,7,7,
864,1,8,8,7,
865,1,9,9,9,
866,1,6,6,7,
867,1,6,8,.,
868,1,6,7,7,
869,1,5,6,.,
870,1,5,4,.,
871,1,7,5,.,
872,1,7,7,7,
873,1,8,9,9,
874,1,7,8,7,
875,1,7,6,8,
876,1,9,9,8,
877,1,9,9,9,
878,1,8,7,.,
879,1,5,6,.,
880,1,8,.,.,
881,1,9,9,9,
882,1,6,7,7,
883,1,10,9,.,
884,1,7,8,8,
885,1,6,7,7,
886,1,5,5,7,
887,1,7,7,7,
888,1,4,5,6,
889,1,5,6,7,
890,1,8,8,.,yes
891,1,9,9,9,
892,1,8,9,8,
893,1,9,10,10,
894,1,8,8,7,
895,1,7,7,7,
896,1,8,8,6,
897,1,8,8,6,
898,1,7,7,7,
899,1,9,9,.,
900,1,8,8,7,
901,1,4,5,5,
902,1,8,6,.,yes
903,1,7,7,7,
904,1,8,7,.,yes
905,1,7,7,7,
906,1,7,6,.,
907,1,6,6,7,yes
908,1,4,7,8,yes
909,1,7,7,7,yes
910,1,8,8,8,yes
911,1,6,.,.,
912,1,4,8,8,yes
913,1,8,7,8,yes
914,1,8,8,6,yes
915,1,8,8,.,
916,1,7,7,.,
917,1,7,7,8,
918,1,7,7,7,
919,1,9,9,9,
920,1,8,8,8,
921,1,8,8,8,
922,1,8,9,9,
923,1,4,5,4,
924,1,8,8,7,
925,1,4,7,.,
926,1,7,7,7,
927,1,5,7,7,
928,1,6,4,.,
929,1,4,5,6,
930,1,9,7,.,
931,1,1,5,.,
932,1,8,8,8,
933,1,6,7,.,
934,1,7,7,7,
935,1,6,6,6,
936,1,5,5,5,
937,1,5,5,5,
938,1,8,8,8,
939,1,8,8,7,
940,1,6,6,6,
941,1,8,8,9,
942,1,6,7,7,
943,1,6,.,.,
944,1,6,6,.,
945,1,5,7,.,yes
946,1,.,.,.,
947,1,6,.,.,
948,1,5,.,.,
949,1,.,.,.,
950,1,8,.,.,yes
951,1,.,.,.,
952,1,7,7,6,yes
953,1,7,7,7,
954,1,4,7,.,
955,1,7,7,7,
956,1,8,8,8,
957,1,7,7,7,
958,1,7,7,.,yes
959,1,8,8,8,yes
960,1,5,5,7,
961,1,5,7,.,
962,1,8,8,7,
963,1,8,8,.,
964,1,6,7,7,
965,1,7,.,.,
966,1,.,.,.,
967,1,6,7,7,
968,1,6,6,1,
969,1,.,.,.,
970,1,5,5,7,
971,1,8,7,1,
972,1,9,9,9,
973,1,4,6,.,
974,1,2,4,.,
975,1,6,7,.,
976,1,6,7,7,
977,1,.,.,.,
978,1,10,10,8,
979,1,7,7,7,
980,1,5,8,8,
981,1,8,8,7,
982,1,8,8,8,
983,1,7,7,7,
984,1,5,7,.,
985,1,8,8,.,
986,1,5,5,6,
987,1,4,.,.,
988,1,9,5,.,
989,1,2,8,8,
990,1,.,.,.,
991,1,4,5,6,
992,1,.,.,.,
993,1,8,8,8,
994,1,6,7,.,
995,1,5,6,.,
996,1,6,.,.,
997,1,6,7,.,
998,1,5,6,.,
999,1,.,.,.,
1000,1,9,8,.,
1001,1,8,8,7,
1002,1,2,8,8,
1003,1,7,7,6,
1004,1,6,7,6,
1005,1,7,7,8,
1006,1,5,5,4,
1007,1,6,6,6,
1008,1,10,9,10,
1009,1,6,7,6,yes
1010,1,5,6,6,yes
1011,1,5,5,6,yes
1012,1,4,4,.,
1013,1,1,4,4,
1014,1,6,.,.,
1015,1,6,4,4,yes
1016,1,6,6,.,yes
1017,1,4,5,4,yes
1018,1,7,7,.,
1019,1,7,6,6,
1020,1,5,4,.,yes
1021,1,7,6,6,
1022,1,7,8,8,
1023,1,6,6,7,yes
1024,1,4,4,4,yes
1025,1,7,7,.,
1026,1,3,4,4,
1027,1,7,8,.,
1028,1,.,.,.,
1029,1,8,8,9,
1030,1,5,5,.,
1031,1,4,4,.,
1032,1,6,5,5,
1033,1,8,8,9,
1034,1,5,5,.,
1035,1,9,9,9,
1036,1,9,9,9,
1037,1,9,9,9,
1038,1,8,8,5,
1039,1,6,6,7,
1040,1,8,8,.,
1041,1,6,7,7,
1042,1,9,9,9,
1043,1,8,8,8,
1044,1,7,7,.,
1045,1,7,7,6,yes
1046,1,7,8,2,yes
1047,1,7,7,7,
1048,1,8,8,8,yes
1049,1,6,4,.,
1050,1,6,6,.,
1051,1,4,.,.,
1052,1,6,7,7,yes
1053,1,2,4,4,yes
1054,1,7,8,8,
1055,1,4,4,4,
1056,1,4,4,4,
1057,1,8,8,9,
1058,1,8,8,8,
1059,1,10,8,.,
1060,1,8,8,.,
1061,1,9,8,9,
1062,1,8,8,9,
1063,1,8,8,.,
1064,1,8,8,7,
1065,1,10,10,9,
1066,1,9,10,10,
1067,1,8,8,8,
1068,1,9,9,9,
1069,1,8,7,8,
1070,1,9,8,.,
1071,1,9,10,9,
1072,1,6,7,7,
1073,1,8,9,8,
1074,1,8,7,8,
1075,1,8,8,8,
1076,1,8,8,7,
1077,1,8,7,.,
1078,1,8,6,7,
1079,1,8,8,8,
1080,1,9,8,8,
1081,1,8,8,8,
1082,1,8,8,9,
1083,1,8,8,8,
1084,1,6,7,.,
1085,1,9,8,9,
1086,1,8,8,8,
1087,1,9,8,.,
1088,1,6,6,.,
1089,1,5,4,4,
1090,1,8,9,9,
1091,1,.,.,.,
1092,1,6,6,.,
1093,1,8,8,,
1094,1,8,7,8,
1095,1,7,7,.,
1096,1,8,7,7,
1097,1,5,7,.,
1098,1,8,9,8,
1099,1,8,9,9,
1100,1,8,9,9,
1101,1,8,.,.,
1102,1,.,.,.,
1103,1,6,4,6,
1104,1,7,7,7,
1105,1,8,8,7,
1106,1,6,7,7,yes
1107,1,5,4,4,yes
1108,1,5,7,6,
1109,1,6,7,7,
1110,1,6,6,.,
1111,1,10,10,.,yes
1112,1,9,9,8,
1113,1,6,7,.,
1114,1,5,5,.,
1115,1,8,8,8,
1116,1,7,7,7,
1117,1,8,4,5,
1118,1,9,10,8,
1119,1,7,7,7,
1120,1,8,8,8,
1121,1,6,7,7,
1122,1,4,4,6,yes
1123,1,7,7,6,
1124,1,5,6,7,yes
1125,1,7,7,7,
1126,1,4,5,5,
1127,1,7,7,6,yes
1128,1,8,8,8,yes
1129,1,6,7,7,yes
1130,1,8,8,.,yes
1131,1,7,8,8,
1132,1,7,7,.,yes
1133,1,8,8,.,
1134,1,7,8,.,
1135,1,8,8,8,yes
1136,1,7,7,.,
1137,1,7,7,7,
1138,1,7,8,8,
1139,1,5,8,7,
1140,1,7,7,7,
1141,1,8,8,8,
1142,1,6,8,8,
1143,1,8,8,8,
1144,1,4,4,5,
1145,1,8,8,8,
1146,1,5,6,6,
1147,1,4,7,6,
1148,1,6,6,6,
1149,1,5,.,.,
1150,1,8,9,7,
1151,1,4,5,2,
1152,1,4,5,5,
1153,1,8,6,6,
1154,1,4,6,6,
1155,1,5,5,7,
1156,1,7,6,6,
1157,1,8,6,6,
1158,1,8,8,8,
1159,1,6,7,7,
1160,1,7,7,6,
1161,1,7,7,7,
1162,1,8,7,7,
1163,1,8,8,6,
1164,1,7,7,6,
1165,1,5,5,6,yes
1166,1,7,8,8,
1167,1,6,6,7,yes
1168,1,5,.,.,
1169,1,4,4,6,yes
1170,1,6,.,.,
1171,1,5,7,.,yes
1172,1,6,5,.,yes
1173,1,7,7,7,yes
1174,1,7,7,6,yes
1175,1,8,4,8,
1176,1,8,8,7,
1177,1,5,7,7,
1178,1,8,8,9,
1179,1,7,7,7,
1180,1,8,8,4,yes
1181,1,6,8,8,yes
1182,1,8,8,7,
1183,1,5,8,7,
1184,1,7,7,7,
1185,1,1,8,8,
1186,1,7,6,6,
1187,1,6,.,.,
1188,1,7,6,6,
1189,1,.,.,.,
1190,1,9,9,9,
1191,1,8,7,6,
1192,1,5,.,.,
1193,1,7,.,.,
1194,1,4,6,.,
1195,1,6,.,.,
1196,1,6,.,,
1197,1,4,5,7,
1198,1,7,4,5,
1199,1,8,8,.,
1200,1,4,5,6,
1201,1,6,6,5,
1202,1,6,6,6,
1203,1,7,7,7,
1204,1,9,9,4,
1205,1,7,.,.,
1206,1,7,7,.,
1207,1,7,.,.,
1208,1,.,.,.,
1209,1,7,.,.,
1210,1,8,9,8,
1211,1,7,.,.,
1212,1,4,7,8,
1213,1,4,4,.,
1214,1,8,9,9,
1215,1,4,7,8,
1216,1,4,6,.,
1217,1,4,4,.,
1218,1,.,.,.,
1219,1,6,.,.,
1220,1,4,4,.,
1221,1,6,5,.,
1222,1,5,6,6,
1223,1,6,7,.,
1224,1,4,.,.,
1225,1,5,5,5,
1226,1,6,6,7,
1227,1,7,8,8,
1228,1,6,6,6,
1229,1,10,9,10,
1230,1,6,6,6,
1231,1,.,.,.,
1232,1,7,7,.,yes
1233,1,8,.,.,
1234,1,8,7,8,yes
1235,1,9,9,9,
1236,1,5,5,6,yes
1237,1,6,6,66,yes
1238,1,4,5,5,yes
1239,1,6,5,6,
1240,1,8,8,6,yes
1241,1,4,6,6,
1242,1,5,7,7,yes
1243,1,4,7,6,
1244,1,7,6,6,yes
1245,1,4,5,5,
1246,1,6,7,7,
1247,1,7,7,6,
1248,1,8,7,8,
1249,1,5,5,.,
1250,1,6,6,6,
1251,1,.,.,.,
1252,1,5,5,.,yes
1253,1,8,9,10,
1254,1,9,9,9,
1255,1,6,7,7,
1256,1,8,7,.,
1257,1,5,5,5,
1258,1,6,6,7,
1259,1,5,6,7,
1260,1,6,6,6,
1261,1,7,7,7,
1262,1,6,6,6,
1263,1,7,7,.,
1264,1,7,7,.,
1265,1,6,7,8,
1266,1,6,6,63,
1267,1,6,7,.,yes
1268,1,7,7,7,yes
1269,1,8,8,8,yes
1270,1,7,5,6,yes
1271,1,3,4,5,yes
1272,1,4,5,.,yes
1273,1,6,6,6,
1274,1,4,4,.,
1275,1,8,8,8,
1276,1,5,7,7,
1277,1,4,4,4,
1278,1,8,8,8,
1279,1,8,8,.,
1280,1,9,8,.,
1281,1,7,9,9,
1282,1,9,10,.,
1283,1,9,9,.,
1284,1,8,.,.,
1285,1,9,8,.,
1286,1,9,9,9,
1287,1,8,9,8,
1288,1,10,10,9,
1289,1,8,8,8,
1290,1,6,7,.,
1291,1,6,7,7,yes
1292,1,8,.,.,
1293,1,8,9,8,
1294,1,7,8,.,
1295,1,6,7,8,
1296,1,8,8,8,
1297,1,8,8,6,
1298,1,8,7,.,
1299,1,7,7,7,
1300,1,8,9,.,
1301,1,4,7,7,
1302,1,7,7,.,
1303,1,7,7,.,
1304,1,8,8,.,
1305,1,4,7,.,
1306,1,8,8,7,
1307,1,6,7,7,
1308,1,7,8,8,
1309,1,6,.,.,
1310,1,8,.,.,
1311,1,6,.,.,
1312,1,.,.,.,
1313,1,7,8,8,
1314,1,9,9,9,
1315,1,8,7,.,
1316,1,9,9,.,
1317,1,8,7,7,
1318,1,8,8,.,
1319,1,7,7,7,
1320,1,7,7,7,
1321,1,7,8,8,
1322,1,6,.,.,
1323,1,5,6,.,
1324,1,8,8,8,
1325,1,7,7,.,
1326,1,8,8,8,
1327,1,5,4,7,
1328,1,8,4,5,
1329,1,6,.,.,
1330,1,9,6,7,
1331,1,6,5,7,
1332,1,5,6,6,yes
1333,1,8,7,6,
1334,1,8,8,8,
1335,1,6,6,.,
1336,1,6,7,7,
1337,1,5,7,8,
1338,1,9,.,.,
1339,1,8,8,8,
1340,1,8,8,5,
1341,1,4,6,.,
1342,1,6,7,8,
1343,1,4,5,8,yes
1344,1,8,8,8,
1345,1,6,6,7,
1346,1,9,8,7,
1347,1,8,8,8,
1348,1,4,7,.,yes
1349,1,5,7,7,
1350,1,4,8,.,
1351,1,6,7,7,yes
1352,1,4,5,4,
1353,1,3,7,7,yes
1354,1,6,6,6,
1355,1,8,8,8,yes
1356,1,4,5,5,yes
1357,1,5,6,7,
1358,1,8,7,8,
1359,1,8,8,7,
1360,1,7,8,7,
1361,1,8,8,8,
1362,1,8,9,8,
1363,1,7,7,7,
1364,1,6,7,7,
1365,1,8,9,8,
1366,1,8,8,.,
1367,1,8,.,.,
1368,1,.,.,.,
1369,1,5,5,.,
1370,1,7,8,.,
1371,1,4,4,7,
1372,1,8,9,6,
1373,1,8,.,.,
1374,1,9,9,9,
1375,1,4,4,5,
1376,1,8,8,8,
1377,1,9,9,.,
1378,1,6,6,6,
1379,1,8,7,8,
1380,1,7,7,8,
1381,1,8,8,8,
1382,1,9,9,8,
1383,1,9,8,4,
1384,1,8,8,8,
1385,1,6,6,.,
1386,1,7,.,.,yes
1387,1,6,6,.,yes
1388,1,6,6,7,yes
1389,1,4,7,3,
1390,1,5,.,3,
1391,1,4,5,3,yes
1392,1,6,.,3,
1393,1,5,5,7,yes
1394,1,6,7,7,yes
1395,1,6,7,7,
1396,1,4,7,7,
1397,1,7,7,7,
1398,1,8,8,8,
1399,1,7,6,6,
1400,1,7,.,.,
1401,1,.,.,.,
1402,1,6,6,.,yes
1403,1,7,4,.,
1404,1,7,7,.,
1405,1,6,7,.,
1406,1,7,7,6,
1407,1,7,8,7,
1408,1,7,7,7,
1409,1,8,9,9,
1410,1,8,9,8,
1411,1,9,9,.,
1412,1,8,8,8,
1413,1,7,7,7,
1414,1,8,7,.,
1415,1,8,9,9,
1416,1,8,7,7,
1417,1,7,7,7,
1418,1,7,7,7,
1419,1,8,8,8,
1420,1,8,8,8,
1421,1,7,7,7,
1422,1,4,4,5,
1423,1,8,8,8,
1424,1,8,8,8,
1425,1,8,9,9,
1426,1,8,8,.,
1427,1,9,9,.,
1428,1,8,.,.,
1429,1,6,.,.,
1430,1,5,.,.,
1431,1,5,8,.,
1432,1,.,.,.,
1433,1,7,.,.,
1434,1,5,6,.,
1435,1,9,9,.,
1436,1,9,.,9,
1437,1,8,8,.,
1438,1,8,7,.,
1439,1,8,8,8,
1440,1,6,.,.,
1441,1,.,.,.,
1442,1,7,.,.,
1443,1,4,5,.,
1444,1,8,8,.,
1445,1,7,.,.,
1446,1,8,8,.,
1447,1,3,4,.,
1448,1,8,7,.,
1449,1,6,7,7,
1450,1,7,7,7,
1451,1,1,.,.,
1452,1,7,7,7,yes
1453,1,4,8,8,
1454,1,8,8,8,yes
1455,1,5,6,.,
1456,1,8,.,.,
1457,1,4,5,6,
1458,1,5,5,6,
1459,1,8,8,.,
1460,1,8,8,6,yes
1461,1,8,7,7,yes
1462,1,4,5,.,
1463,1,4,,,
1464,1,5,6,.,
1465,1,6,6,6,
1466,1,8,8,8,
1467,1,9,9,9,
1468,1,8,8,8,
1469,1,9,8,.,
1470,1,1,4,.,
1471,1,6,8,.,
1472,1,6,.,.,
1473,1,6,7,7,
1474,1,7,8,8,
1475,1,9,9,9,
1476,1,8,8,.,
1477,1,8,.,.,
1478,1,9,.,.,
1479,1,9,.,.,
1480,1,9,9,9,
1481,1,9,7,7,
1482,1,9,9,9,
1483,1,9,9,9,
1484,1,9,9,9,
1485,1,8,.,.,
1486,1,6,6,6,
1487,1,4,4,.,
1488,1,8,8,6,yes
1489,1,4,5,6,yes
1490,1,4,5,6,yes
1491,1,8,7,7,
1492,1,8,7,7,
1493,1,9,9,9,
1494,1,5,6,.,
1495,1,2,7,7,
1496,1,6,7,.,yes
1497,1,4,5,7,
1498,1,9,9,9,
1499,1,9,9,8,
1500,1,8,8,8,
1501,1,9,.,.,
1502,1,9,6,7,
1503,1,8,8,8,
1504,1,6,.,.,
1505,1,8,8,8,
1506,1,4,7,.,
1507,1,5,8,8,
1508,1,4,8,8,
1509,1,8,8,4,yes
1510,1,5,6,8,
1511,1,8,8,9,
1512,1,8,8,.,
1513,1,8,8,.,yes
1514,1,9,9,9,
1515,1,8,8,8,
1516,1,5,8,.,
1517,1,9,9,.,
1518,1,7,7,7,
1519,1,9,9,9,
1520,1,7,6,7,
1521,1,7,7,.,
1522,1,9,8,.,
1523,1,.,.,.,
1524,1,6,7,.,
1525,1,8,7,,
1526,1,8,8,8,
1527,1,7,7,7,
1528,1,7,8,8,
1529,1,8,8,.,
1530,1,8,8,.,
1531,1,4,5,6,
1532,1,7,.,.,
1533,1,5,.,.,
1534,1,4,7,.,
1535,1,8,8,.,
1536,1,7,8,8,
1537,1,7,8,.,
1538,1,8,7,.,
1539,1,8,8,8,
1540,1,8,8,7,
1541,1,8,7,.,
1542,1,9,3,1,
1543,1,8,7,6,
1544,1,7,8,.,
1545,1,4,1,.,
1546,1,6,6,.,
1547,1,9,9,9,
1548,1,4,5,7,
1549,1,8,8,8,yes
1550,1,8,9,8,yes
1551,1,9,.,.,
1552,1,7,6,7,yes
1553,1,5,5,.,yes
1554,1,4,8,8,
1555,1,8,8,8,
1556,1,10,10,10,
1557,1,8,8,8,
1558,1,6,7,7,
1559,1,9,9,9,
1560,1,9,9,8,
1561,1,8,7,7,
1562,1,6,6,6,
1563,1,6,.,.,
1564,1,4,5,.,
1565,1,8,8,.,
1566,1,7,7,7,
1567,1,8,9,9,
1568,1,7,8,8,
1569,1,4,5,6,yes
1570,1,6,7,7,
1571,1,7,6,4,yes
1572,1,5,7,7,yes
1573,1,6,6,.,yes
1574,1,5,7,.,
1575,1,6,6,.,yes
1576,1,5,8,8,
1577,1,4,5,5,
1578,1,6,6,6,
1579,1,7,7,7,
1580,1,9,9,9,
1581,1,8,8,5,
1582,1,9,9,9,
1583,1,8,8,8,
1584,1,8,7,8,
1585,1,8,8,.,
1586,1,8,7,.,
1587,1,8,9,8,
1588,1,8,.,.,
1589,1,8,8,8,
1590,1,1,.,.,
1591,1,6,.,.,
1592,1,7,.,.,
1593,1,6,6,7,
1594,1,8,.,.,
1595,1,9,8,8,
1596,1,8,8,8,
1597,1,8,8,.,
1598,1,8,8,8,
1599,1,6,6,7,
1600,1,8,9,.,
1601,1,8,7,7,
1602,1,9,8,8,
1603,1,9,9,9,
1604,1,8,9,.,
1605,1,8,9,.,
1606,1,8,.,.,
1607,1,4,5,7,yes
1608,1,7,8,.,yes
1609,1,6,7,.,yes
1610,1,4,8,.,
1611,1,2,.,.,
1612,1,4,.,.,
1613,1,.,.,.,
1614,1,.,.,.,
1615,1,5,5,.,
1616,1,7,7,.,
1617,1,9,9,.,
1618,1,7,.,.,
1619,1,6,7,.,
1620,1,1,.,.,
1621,1,7,7,.,
1622,1,7,.,.,
1623,1,.,.,.,
1624,1,8,.,.,
1625,1,4,4,.,
1626,1,1,1,7,
1627,1,6,6,.,
1628,1,4,6,.,
1629,1,8,8,.,
1630,1,8,9,8,
1631,1,8,9,8,
1632,1,9,8,4,
1633,1,4,4,5,
1634,1,7,7,6,
1635,1,7,7,6,
1636,1,5,7,7,
1637,1,7,7,7,
1638,1,4,7,7,
1639,1,8,8,7,
1640,1,7,8,.,
1641,1,8,8,9,
1642,1,1,8,8,
1643,1,6,7,8,
1644,1,9,9,9,
1645,1,10,9,9,
1646,1,7,.,.,
1647,1,8,8,.,
1648,1,9,9,.,
1649,1,.,.,.,
1650,1,.,.,.,
1651,1,4,5,8,
1652,1,7,.,.,
1653,1,.,.,.,
1654,1,9,.,.,
1655,1,.,.,.,
1656,1,8,7,.,
1657,1,8,8,8,
1658,1,8,8,.,
1659,1,4,8,.,
1660,1,4,8,.,
1661,1,.,.,.,
1662,1,.,.,.,
1663,1,.,.,.,
1664,1,5,.,.,
1665,1,9,8,5,
1666,1,7,.,.,
1667,1,8,8,.,
1668,1,5,5,5,
1669,1,2,.,.,
1670,1,6,6,.,
1671,1,5,5,.,
1672,1,6,7,7,
1673,1,8,8,8,yes
1674,1,7,.,.,
1675,1,9,7,5,
1676,1,9,6,.,
1677,1,9,7,.,
1678,1,6,6,.,
1679,1,4,1,8,
1680,1,8,8,.,
1681,1,4,4,5,
1682,1,7,7,.,yes
1683,1,4,.,.,
1684,1,8,7,.,
1685,1,7,7,7,
1686,1,8,4,5,yes
1687,1,8,9,9,
1688,1,9,9,9,
1689,1,9,9,9,
1690,1,8,8,.,
1691,1,7,7,.,
1692,1,7,8,.,
1693,1,.,.,.,
1694,1,4,5,5,
1695,1,6,7,.,
1696,1,8,4,.,
1697,1,5,7,.,
1698,1,7,.,.,
1699,1,7,8,.,
1700,1,6,6,5,
1701,1,4,4,7,
1702,1,9,8,8,
1703,1,6,6,6,
1704,1,8,9,9,
1705,1,5,5,5,
1706,1,8,8,8,
1707,1,5,5,8,
1708,1,7,7,7,
1709,1,5,7,.,yes
1710,1,7,7,7,yes
1711,1,4,5,6,yes
1712,1,5,7,7,
1713,1,7,7,.,yes
1714,1,4,6,.,yes
1715,1,.,.,.,
1716,1,7,7,7,
1717,1,4,5,7,yes
1718,1,6,8,8,yes
1719,1,8,9,9,
1720,1,4,8,.,
1721,1,4,7,.,
1722,1,8,9,.,
1723,1,8,.,.,
1724,1,8,8,.,
1725,1,.,.,.,
1726,1,8,.,.,
1727,1,4,5,5,
1728,1,7,8,8,
1729,1,3,7,.,
1730,1,4,6,.,
1731,1,9,.,.,
1732,1,8,9,9,
1733,1,9,9,7,
1734,1,8,.,.,
1735,1,8,5,.,
1736,1,,,,
1737,1,5,5,8,
1738,1,8,9,.,
1739,1,8,7,7,
1740,1,9,9,.,
1741,1,6,6,.,
1742,1,8,8,.,
1743,1,8,9,.,
1744,1,8,.,.,
1745,1,8,7,6,
1746,1,.,.,.,
1747,1,9,9,.,
1748,1,9,.,.,
1749,1,7,.,.,
1750,1,4,6,7,
1751,1,8,.,.,
1752,1,4,.,.,
1753,1,7,.,.,
1754,1,6,6,.,
1755,1,6,.,.,
1756,1,8,8,8,
1757,1,7,8,8,
1758,1,8,8,4,
1759,1,9,9,6,
1760,1,5,8,.,
1761,1,8,8,7,
1762,1,8,8,7,
1763,1,1,9,9,
1764,1,8,.,.,
1765,1,8,8,8,
1766,1,8,.,.,
1767,1,5,5,6,
1768,1,8,8,9,
1769,1,8,8,.,
1770,1,6,7,7,yes
1771,1,7,7,7,yes
1772,1,8,4,.,yes
1773,1,6,7,7,
1774,1,8,6,6,yes
1775,1,9,9,9,
1776,1,8,8,8,
1777,1,9,9,9,
1778,1,8,8,8,
1779,1,8,8,7,
1780,1,8,8,4,
1781,1,8,8,8,
1782,1,7,8,8,
1783,1,6,6,.,
1784,1,.,.,.,
1785,1,4,4,.,
1786,1,2,7,.,
1787,1,8,8,8,
1788,1,8,8,8,
1789,1,7,7,7,
1790,1,8,8,7,yes
1791,1,5,6,7,yes
1792,1,6,8,8,
1793,1,8,8,7,yes
1794,1,6,8,.,yes
1795,1,5,8,8,
1796,1,6,5,5,
1797,1,9,8,.,
1798,1,6,6,.,yes
1799,1,5,7,7,yes
1800,1,8,8,8,
1801,1,9,9,4,
1802,1,9,9,.,
1803,1,4,8,8,
1804,1,4,8,8,
1805,1,9,9,9,
1806,1,9,9,9,
1807,1,5,6,.,
1808,1,8,9,9,
1809,1,.,.,.,
1810,1,6,6,.,
1811,1,.,.,.,
1812,1,4,7,.,
1813,1,1,1,.,
1814,1,4,4,.,
1815,1,8,8,.,
1816,1,8,8,5,
1817,1,6,6,.,
1818,1,8,.,.,
1819,1,4,6,.,
1820,1,4,.,.,
1821,1,8,.,.,
1822,1,5,6,.,
1823,1,1,7,.,
1824,1,8,8,7,
1825,1,6,7,.,
1826,1,8,.,.,
1827,1,8,.,.,
1828,1,4,.,.,yes
1829,1,7,7,7,
1830,1,7,7,7,
1831,1,4,7,.,
1832,1,3,4,5,
1833,1,7,8,.,
1834,1,7,7,.,yes
1835,1,6,6,7,
1836,1,7,7,7,
1837,1,9,8,.,
1838,1,1,8,.,
1839,1,8,8,.,
1840,1,9,9,.,
1841,1,6,6,.,
1842,1,2,.,.,
1843,1,8,.,.,
1844,1,6,.,.,
1845,1,,,,
1846,1,6,8,.,
1847,1,5,5,8,
1848,1,9,9,9,
1849,1,8,8,.,
1850,1,8,8,,
1851,1,8,8,.,
1852,1,8,,8,
1853,1,8,8,.,
1854,1,6,5,8,
1855,1,8,8,5,
1856,1,9,9,8,
1857,1,8,6,4,
1858,1,9,7,.,
1859,1,9,9,.,
1860,1,5,7,.,
1861,1,8,8,7,
1862,1,9,.,.,
1863,1,9,8,.,
1864,1,8,9,6,
1865,1,8,7,.,
1866,1,9,9,.,
1867,1,8,.,8,
1868,1,7,7,.,
1869,1,9,.,7,
1870,1,4,.,.,
1871,1,5,.,.,
1872,1,7,7,.,
1873,1,4,4,.,
1874,1,8,.,5,
1875,1,8,.,.,
1876,1,5,.,.,
1877,1,8,9,.,
1878,1,8,8,9,
1879,1,5,7,8,
1880,1,6,8,.,
1881,1,1,.,.,
1882,1,.,.,.,
1883,1,5,.,.,
1884,1,.,.,.,
1885,1,6,7,.,
1886,1,7,8,8,
1887,1,8,.,.,
1888,1,.,.,.,
1889,1,5,3,9,
1890,1,5,7,7,
1891,1,7,7,.,
1892,1,4,4,.,
1893,1,4,5,7,
1894,1,7,.,.,
1895,1,7,6,.,
1896,1,4,7,.,
1897,1,7,7,6,yes
1898,1,7,7,.,
1899,1,6,6,.,
1900,1,6,7,6,yes
1901,1,9,7,.,
1902,1,8,8,.,yes
1903,1,7,7,7,
1904,1,5,5,6,
1905,1,.,,,
1906,1,4,4,5,
1907,1,5,5,4,
1908,1,8,8,7,
1909,1,8,9,.,
1910,1,8,9,9,
1911,1,9,8,.,
1912,1,.,.,.,
1913,1,8,7,.,
1914,1,7,.,.,
1915,1,.,.,.,
1916,1,8,8,.,
1917,1,.,.,.,
1918,1,3,.,.,
1919,1,4,8,.,
1920,1,9,9,9,
1921,1,6,7,.,
1922,1,8,9,.,
1923,1,8,.,.,
1924,1,8,8,.,
1925,1,9,9,.,
1926,1,10,9,8,
1927,1,4,.,.,
1928,1,4,5,6,
1929,1,8,8,6,yes
1930,1,7,8,.,yes
1931,1,4,6,.,
1932,1,4,7,7,yes
1933,1,5,5,5,yes
1934,1,4,5,.,yes
1935,1,7,.,.,
1936,1,1,.,,
1937,1,8,9,.,
1938,1,8,8,7,yes
1939,1,7,7,7,yes
1940,1,9,9,9,
1941,1,9,9,8,
1942,1,9,9,.,
1943,1,9,9,.,
1944,1,8,.,.,
1945,1,9,.,.,
1946,1,5,6,6,
1947,1,6,4,.,
1948,1,6,7,.,
1949,1,8,7,.,
1950,1,8,8,6,
1951,1,9,5,.,
1952,1,6,8,.,
1953,1,4,8,.,
1954,1,8,.,.,
1955,1,9,9,.,
1956,1,8,8,.,
1957,1,8,.,.,
1958,1,9,8,4,
1959,1,4,8,8,
1960,1,9,8,.,
1961,1,8,8,.,
1962,1,5,6,.,
1963,1,8,8,7,
1964,1,9,9,8,
1965,1,.,.,.,
1966,1,6,6,7,
1967,1,.,.,.,
1968,1,7,7,.,
1969,1,4,8,.,
1970,1,8,.,.,
1971,1,8,.,.,
1972,1,1,.,.,
1973,1,8,.,.,
1974,1,6,.,.,
1975,1,6,.,.,
1976,1,7,.,.,
1977,1,8,8,.,
1978,1,8,9,.,
1979,1,9,9,.,
1980,1,5,8,8,
1981,1,9,8,.,
1982,1,8,8,.,
1983,1,8,8,8,
1984,1,9,.,.,
1985,1,5,.,.,
1986,1,9,.,.,
1987,1,7,8,7,
1988,1,5,5,6,
1989,1,9,9,.,